{"stats":{"minecraft:mined":{"create:deepslate_zinc_ore":2,"orcz:orcamanita":1,"minecraft:spruce_planks":3,"minecraft:white_bed":2,"minecraft:cobbled_deepslate_stairs":1,"minecraft:andesite_stairs":1,"minecraft:sculk_vein":9,"minecraft:red_nether_bricks":1,"minecraft:granite":200,"minecraft:budding_amethyst":1,"minecraft:grass_block":36,"biomesoplenty:flowering_oak_leaves":4,"minecraft:coal_block":1,"create:tiled_glass":1,"minecraft:spawner":32,"minecraft:sculk_catalyst":1,"minecraft:mossy_cobblestone_stairs":8,"minecraft:iron_ore":9,"minecraft:cobbled_deepslate":13,"minecraft:enchanting_table":1,"minecraft:iron_bars":43,"biomesoplenty:webbing":10,"minecraft:deepslate_brick_stairs":1,"minecraft:polished_granite_stairs":1,"create:veridium":8,"minecraft:quartz_block":35,"minecraft:smoker":5,"born_in_chaos_v1:infected_deepslate_diamond_ore":1,"minecraft:torch":7,"minecraft:calcite":3,"minecraft:polished_andesite_stairs":1,"minecraft:chest":1,"minecraft:glass":1,"minecraft:cobblestone":16,"minecraft:oak_planks":8,"minecraft:wall_torch":8,"ancient_elements:deepslate_steel_ore":1,"minecraft:amethyst_block":5,"evilcraft:dark_ore_deepslate":1,"minecraft:lilac":4,"minecraft:stone_brick_stairs":3,"minecraft:grass":434,"minecraft:oak_log":37,"minecraft:dirt":57,"minecraft:sand":91,"minecraft:smooth_quartz":2,"minecraft:smooth_basalt":10,"minecraft:oak_leaves":19,"minecraft:deepslate":556,"minecraft:emerald_block":2,"create:zinc_ore":1,"minecraft:red_carpet":3,"minecraft:tuff":74,"ancient_elements:lead_ore":1,"minecraft:mossy_cobblestone":19,"minecraft:deepslate_diamond_ore":1,"evilcraft:dark_tank":2,"minecraft:nether_bricks":5,"minecraft:spruce_leaves":1,"biomesoplenty:dead_grass":4,"minecraft:potted_bamboo":1,"minecraft:black_glazed_terracotta":2,"minecraft:andesite":14,"minecraft:mossy_stone_brick_stairs":6,"minecraft:bookshelf":21,"minecraft:potatoes":1,"minecraft:deepslate_iron_ore":2,"minecraft:vine":28,"minecraft:stone":213,"minecraft:white_wool":1,"minecraft:red_wool":13,"minecraft:soul_sand":2,"minecraft:polished_granite":2,"minecraft:crafting_table":4,"minecraft:rose_bush":3,"minecraft:sculk_sensor":1,"minecraft:lectern":1,"minecraft:tall_grass":28,"minecraft:deepslate_gold_ore":2,"minecraft:sculk":130,"minecraft:spruce_log":1,"minecraft:black_wool":6,"minecraft:coal_ore":36,"evilcraft:blood_stain":1,"minecraft:sunflower":4,"minecraft:gravel":29,"minecraft:dripstone_block":1,"minecraft:cracked_stone_bricks":17,"minecraft:polished_andesite":25,"minecraft:stone_bricks":12,"minecraft:mossy_stone_bricks":20,"minecraft:infested_stone":1},"minecraft:crafted":{"minecraft:oak_planks":156,"minecraft:stone":3,"minecraft:cooked_mutton":10,"minecraft:glass":39,"evilcraft:blood_extractor":3,"minecraft:chest":2,"minecraft:emerald":18,"minecraft:diamond_axe":1,"minecraft:crafting_table":2,"travelersbackpack:standard":1,"minecraft:wooden_pickaxe":1,"minecraft:baked_potato":6,"minecraft:birch_planks":8,"minecraft:shield":2,"minecraft:stick":12,"minecraft:iron_ingot":12,"born_in_chaos_v1:smoked_flesh":20,"evilcraft:dark_spike":16,"minecraft:wooden_sword":1,"minecraft:oak_door":3,"minecraft:coal":9,"minecraft:iron_nugget":1,"minecraft:furnace":2,"born_in_chaos_v1:smoked_monster_flesh":2,"travelersbackpack:white_sleeping_bag":1,"minecraft:cooked_beef":25,"minecraft:cooked_cod":9,"evilcraft:dark_tank":2,"travelersbackpack:backpack_tank":2,"minecraft:air":0,"minecraft:jungle_planks":4,"minecraft:wooden_axe":1,"minecraft:black_carpet":12,"minecraft:iron_leggings":1,"minecraft:stonecutter":1,"minecraft:white_bed":1,"minecraft:torch":60,"create:tiled_glass":1},"minecraft:custom":{"minecraft:interact_with_crafting_table":58,"minecraft:open_barrel":22,"minecraft:leave_game":5,"minecraft:time_since_death":34764,"minecraft:sprint_one_cm":1075041,"minecraft:damage_blocked_by_shield":10622,"minecraft:drop":155,"minecraft:play_time":356708,"minecraft:deaths":9,"minecraft:jump":6619,"minecraft:walk_on_water_one_cm":10687,"minecraft:interact_with_furnace":70,"minecraft:interact_with_cartography_table":2,"minecraft:sleep_in_bed":3,"minecraft:damage_dealt":31942,"minecraft:crouch_one_cm":88345,"tombstone:undead_killed":90,"minecraft:interact_with_smoker":41,"minecraft:mob_kills":152,"minecraft:damage_dealt_resisted":2601,"minecraft:climb_one_cm":25951,"minecraft:walk_one_cm":1052676,"minecraft:sneak_time":33845,"minecraft:walk_under_water_one_cm":13454,"minecraft:total_world_time":356708,"tombstone:raider_killed":1,"minecraft:interact_with_stonecutter":7,"minecraft:time_since_rest":34656,"minecraft:damage_taken":17121,"minecraft:damage_absorbed":149,"minecraft:swim_one_cm":23800,"minecraft:fly_one_cm":848943,"minecraft:open_chest":217,"minecraft:fall_one_cm":139749},"minecraft:killed":{"minecraft:cave_spider":7,"minecraft:witch":1,"graveyard:skeleton_creeper":1,"born_in_chaos_v1:zombie_lumberjack":4,"born_in_chaos_v1:restless_spirit":1,"born_in_chaos_v1:skeleton_demoman":1,"minecraft:spider":7,"minecraft:skeleton":18,"minecraft:silverfish":2,"minecraft:pig":1,"born_in_chaos_v1:diamond_termite":4,"minecraft:creeper":2,"minecraft:sheep":8,"minecraft:zombie":34,"born_in_chaos_v1:dread_hound":3,"born_in_chaos_v1:corpse_fly":8,"minecraft:stray":11,"born_in_chaos_v1:door_knight":2,"orcz:orcsavage_2sword":1,"minecraft:cow":4,"graveyard:revenant":1,"born_in_chaos_v1:zombie_bruiser":2,"born_in_chaos_v1:maggot":12,"alexsmobs:bison":2,"born_in_chaos_v1:bone_imp_minion":2,"born_in_chaos_v1:baby_skeleton":1,"born_in_chaos_v1:decrepit_skeleton":3,"royalvariations:royal_zombie":3,"mutantmonsters:creeper_minion":1,"born_in_chaos_v1:dark_vortex":1,"born_in_chaos_v1:nightmare_stalker":1,"minecraft:wither_skeleton":7},"minecraft:used":{"magistuarmory:rusted_heavymace":6,"minecraft:chest":3,"minecraft:shield":158,"minecraft:iron_sword":286,"create:tiled_glass":1,"minecraft:rotten_flesh":4,"minecraft:soul_sand":1,"minecraft:jungle_planks":4,"minecraft:carrot":29,"minecraft:glass":20,"born_in_chaos_v1:smoked_flesh":15,"tombstone:tablet_of_cupidity":2,"minecraft:quartz_block":4,"minecraft:stone_bricks":3,"minecraft:furnace":2,"minecraft:cooked_cod":9,"minecraft:potato":3,"minecraft:golden_boots":1,"minecraft:mossy_stone_bricks":9,"minecraft:stone_pickaxe":74,"minecraft:oak_planks":57,"minecraft:wooden_pickaxe":2,"minecraft:chainmail_helmet":1,"minecraft:diamond_axe":62,"minecraft:white_wool":1,"minecraft:golden_apple":5,"scalinghealth:enchanted_heart":1,"minecraft:bread":12,"minecraft:melon_slice":3,"tombstone:grave_key":7,"born_in_chaos_v1:smoked_monster_flesh":2,"minecraft:gravel":12,"minecraft:diamond_sword":435,"minecraft:andesite":16,"minecraft:experience_bottle":10,"minecraft:iron_bars":4,"minecraft:oak_door":1,"minecraft:torch":168,"minecraft:dirt":154,"scalinghealth:heart_crystal":11,"minecraft:chainmail_chestplate":1,"minecraft:granite":6,"minecraft:wooden_axe":47,"mutantmonsters:creeper_shard":11,"minecraft:cooked_beef":28,"minecraft:cobbled_deepslate":201,"minecraft:cooked_mutton":10,"minecraft:polished_andesite":2,"minecraft:baked_potato":9,"minecraft:stonecutter":1,"ancient_elements:iron_hammer":250,"minecraft:cracked_stone_bricks":5,"minecraft:mossy_cobblestone":2,"minecraft:tnt":1,"minecraft:crafting_table":5,"minecraft:white_bed":3,"minecraft:smoker":5,"minecraft:oak_log":1,"minecraft:apple":14,"minecraft:diamond_shovel":78,"minecraft:iron_pickaxe":1211,"scalinghealth:medkit":1,"minecraft:stone_axe":40,"minecraft:cobblestone":173,"evilcraft:dark_tank":2,"travelersbackpack:standard":4,"minecraft:porkchop":1,"born_in_chaos_v1:wood_splitter_axe":16,"alexsmobs:animal_dictionary":2},"minecraft:dropped":{"minecraft:iron_sword":1,"minecraft:porkchop":1,"minecraft:cooked_beef":10,"mutantmonsters:creeper_shard":1,"minecraft:mossy_stone_brick_stairs":2,"born_in_chaos_v1:pieceofdarkmetal":1,"alexsmobs:bison_fur":1,"minecraft:dirt":19,"tombstone:bag_of_seeds":1,"born_in_chaos_v1:monster_skin":2,"evilcraft:broom":1,"minecraft:iron_pickaxe":2,"minecraft:white_wool":1,"minecraft:bone":21,"minecraft:gravel":1,"minecraft:cobbled_deepslate":198,"tombstone:gift":1,"minecraft:rotten_flesh":32,"born_in_chaos_v1:smoked_flesh":5,"minecraft:oak_planks":41,"minecraft:cooked_mutton":12,"evilcraft:flesh_humanoid":2,"minecraft:chainmail_chestplate":1,"minecraft:black_glazed_terracotta":1,"bosses_of_mass_destruction:soul_star":1,"born_in_chaos_v1:corpse_maggot":14,"born_in_chaos_v1:diamond_termite_shard":4,"minecraft:chainmail_boots":1,"magistuarmory:rustedchainmail_chestplate":1,"minecraft:iron_bars":2,"born_in_chaos_v1:dark_rod":3,"minecraft:lectern":1,"minecraft:golden_boots":1,"minecraft:iron_ingot":2,"minecraft:bread":1,"minecraft:wheat_seeds":50,"minecraft:golden_helmet":1,"evilcraft:condensed_blood":51,"minecraft:iron_helmet":1,"minecraft:cobblestone":20,"minecraft:apple":4,"minecraft:granite":62,"minecraft:acacia_log":1,"minecraft:chainmail_helmet":2,"minecraft:stick":10,"minecraft:cobweb":1,"minecraft:gray_wool":1,"minecraft:torch":25,"minecraft:wooden_axe":2,"tombstone:grave_dust":1,"minecraft:potion":2,"minecraft:string":5,"create:raw_zinc":2,"minecraft:shield":2,"minecraft:bundle":1,"minecraft:mossy_stone_bricks":2,"minecraft:golden_leggings":1,"minecraft:spider_eye":1,"minecraft:bamboo":1,"tombstone:essence_of_undeath":1,"minecraft:calcite":1,"create:tiled_glass":1,"minecraft:black_wool":1},"minecraft:broken":{"minecraft:iron_chestplate":1,"magistuarmory:rusted_heavymace":1,"minecraft:iron_sword":1,"minecraft:wooden_axe":1,"ancient_elements:iron_hammer":1,"minecraft:diamond_leggings":1,"minecraft:shield":2,"minecraft:iron_helmet":1},"minecraft:picked_up":{"minecraft:wooden_axe":2,"minecraft:black_carpet":4,"minecraft:chainmail_boots":2,"minecraft:flower_pot":1,"minecraft:stone_brick_stairs":2,"minecraft:string":9,"minecraft:red_nether_bricks":1,"minecraft:cobbled_deepslate":769,"bosses_of_mass_destruction:soul_star":2,"minecraft:black_glazed_terracotta":2,"minecraft:spruce_planks":2,"minecraft:calcite":1,"minecraft:iron_pickaxe":1,"minecraft:coal_block":1,"minecraft:tipped_arrow":4,"minecraft:golden_helmet":1,"minecraft:stick":1,"minecraft:torch":56,"minecraft:acacia_log":3,"minecraft:porkchop":2,"magistuarmory:rusted_heavymace":1,"tombstone:grave_dust":6,"minecraft:quartz_block":8,"minecraft:rotten_flesh":69,"evilcraft:condensed_blood":122,"minecraft:iron_bars":32,"minecraft:cobblestone":256,"minecraft:enchanting_table":1,"minecraft:birch_log":2,"minecraft:cooked_beef":1,"orcz:orcteeth":3,"magistuarmory:rustedchainmail_boots":2,"minecraft:jungle_log":1,"minecraft:andesite":16,"minecraft:golden_leggings":2,"minecraft:smoker":5,"minecraft:potato":7,"alexsmobs:bison_fur":1,"ancient_elements:raw_lead":2,"minecraft:flint":4,"minecraft:tuff":59,"create:raw_zinc":3,"evilcraft:flesh_humanoid":1,"minecraft:dirt":146,"born_in_chaos_v1:monster_skin":3,"minecraft:glass":5,"minecraft:bone":64,"minecraft:bow":1,"minecraft:wheat_seeds":66,"minecraft:mossy_stone_bricks":16,"minecraft:bamboo":1,"minecraft:mossy_stone_brick_stairs":8,"minecraft:oak_planks":51,"minecraft:sand":84,"scalinghealth:enchanted_heart":1,"create:tiled_glass":2,"minecraft:mossy_cobblestone":9,"minecraft:bundle":1,"minecraft:polished_andesite":2,"minecraft:diamond":13,"magistuarmory:corruptedroundshield":2,"minecraft:granite":259,"minecraft:golden_apple":1,"minecraft:bread":11,"minecraft:oak_sapling":2,"born_in_chaos_v1:diamond_termite_shard":5,"minecraft:crafting_table":4,"minecraft:cracked_stone_bricks":6,"minecraft:beef":25,"minecraft:lectern":1,"minecraft:chest":2,"minecraft:raw_iron":12,"magistuarmory:rustedbarbute":1,"born_in_chaos_v1:pieceofdarkmetal":2,"minecraft:carrot":1,"mutantmonsters:creeper_shard":2,"minecraft:polished_granite_stairs":1,"minecraft:diamond_chestplate":2,"minecraft:arrow":33,"born_in_chaos_v1:wood_splitter_axe":1,"minecraft:nether_bricks":1,"tombstone:essence_of_undeath":1,"minecraft:gold_ingot":5,"minecraft:mutton":9,"minecraft:white_wool":8,"born_in_chaos_v1:corpse_maggot":17,"born_in_chaos_v1:monster_flesh":2,"minecraft:leather":7,"ancient_elements:iron_hammer":2,"minecraft:oak_log":40,"minecraft:chainmail_chestplate":1,"minecraft:gunpowder":1,"scalinghealth:heart_crystal":10,"scalinghealth:medkit":1,"minecraft:cooked_mutton":12,"minecraft:red_carpet":4,"minecraft:stone_bricks":7,"magistuarmory:steel_flamebladedsword":1,"minecraft:iron_ingot":6,"scalinghealth:power_crystal_shard":2,"tombstone:bag_of_seeds":1,"minecraft:iron_sword":2,"minecraft:soul_sand":1,"minecraft:book":60,"endrem:witch_pupil":1,"minecraft:emerald_block":2,"minecraft:red_wool":11,"minecraft:gravel":27,"born_in_chaos_v1:dark_rod":5,"minecraft:spruce_log":2,"minecraft:white_bed":2,"magistuarmory:rustedchainmail_leggings":1,"minecraft:spider_eye":3,"evilcraft:dark_tank":2,"minecraft:pumpkin_seeds":1,"evilcraft:dark_gem":15,"minecraft:gray_wool":1,"minecraft:black_wool":9,"minecraft:coal":67},"minecraft:killed_by":{"minecraft:wither_skeleton":1,"born_in_chaos_v1:nightmare_stalker":1,"mutantmonsters:mutant_creeper":2,"minecraft:zombie":2,"royalvariations:royal_zombie":1,"minecraft:warden":1,"minecraft:skeleton":1}},"DataVersion":3120}