{"stats":{"minecraft:broken":{"magistuarmory:rusted_heavymace":1,"minecraft:wooden_axe":1},"minecraft:custom":{"minecraft:mob_kills":49,"minecraft:interact_with_crafting_table":5,"minecraft:damage_dealt_resisted":918,"minecraft:leave_game":2,"minecraft:time_since_death":45105,"minecraft:climb_one_cm":10365,"minecraft:sprint_one_cm":350172,"minecraft:walk_one_cm":352008,"minecraft:damage_blocked_by_shield":2385,"minecraft:drop":41,"minecraft:play_time":85349,"minecraft:deaths":2,"minecraft:sneak_time":4902,"minecraft:walk_under_water_one_cm":65,"minecraft:jump":995,"minecraft:walk_on_water_one_cm":1978,"minecraft:total_world_time":85349,"minecraft:interact_with_furnace":9,"minecraft:time_since_rest":44900,"minecraft:damage_taken":3055,"minecraft:damage_absorbed":79,"minecraft:damage_dealt":8576,"minecraft:fly_one_cm":117580,"minecraft:open_chest":106,"minecraft:crouch_one_cm":13543,"tombstone:undead_killed":33,"minecraft:fall_one_cm":18813},"minecraft:dropped":{"minecraft:golden_boots":1,"minecraft:iron_sword":1,"minecraft:golden_helmet":1,"minecraft:apple":1,"minecraft:chainmail_helmet":1,"tombstone:bag_of_seeds":1,"minecraft:wooden_axe":2,"minecraft:potion":1,"minecraft:gravel":1,"minecraft:rotten_flesh":25,"minecraft:chainmail_chestplate":1,"minecraft:black_glazed_terracotta":1,"minecraft:shield":1,"minecraft:bundle":1,"born_in_chaos_v1:corpse_maggot":9,"minecraft:mossy_stone_bricks":2,"minecraft:golden_leggings":1,"minecraft:chainmail_boots":1,"magistuarmory:rustedchainmail_chestplate":1,"minecraft:iron_bars":2,"minecraft:calcite":1,"minecraft:black_wool":1},"minecraft:used":{"minecraft:iron_bars":1,"magistuarmory:rusted_heavymace":6,"minecraft:chest":2,"minecraft:shield":43,"minecraft:iron_sword":123,"minecraft:torch":62,"minecraft:dirt":8,"minecraft:soul_sand":1,"scalinghealth:heart_crystal":5,"minecraft:chainmail_chestplate":1,"minecraft:carrot":25,"minecraft:wooden_axe":47,"tombstone:tablet_of_cupidity":2,"minecraft:stone_bricks":2,"minecraft:cooked_beef":3,"minecraft:potato":3,"minecraft:golden_boots":1,"minecraft:mossy_stone_bricks":3,"minecraft:polished_andesite":2,"minecraft:stone_pickaxe":74,"minecraft:baked_potato":9,"minecraft:wooden_pickaxe":2,"minecraft:chainmail_helmet":1,"minecraft:cracked_stone_bricks":5,"minecraft:golden_apple":2,"minecraft:crafting_table":2,"minecraft:apple":8,"scalinghealth:enchanted_heart":1,"minecraft:melon_slice":2,"minecraft:bread":2,"minecraft:iron_pickaxe":193,"minecraft:stone_axe":40,"minecraft:cobblestone":3,"alexsmobs:animal_dictionary":2,"minecraft:experience_bottle":10},"minecraft:picked_up":{"minecraft:wooden_axe":2,"minecraft:crafting_table":2,"minecraft:black_carpet":4,"minecraft:chainmail_boots":2,"minecraft:string":4,"minecraft:red_nether_bricks":1,"minecraft:cracked_stone_bricks":6,"minecraft:black_glazed_terracotta":1,"minecraft:calcite":1,"minecraft:lectern":1,"minecraft:coal_block":1,"minecraft:chest":2,"minecraft:golden_helmet":1,"minecraft:tipped_arrow":1,"minecraft:torch":19,"magistuarmory:rusted_heavymace":1,"tombstone:grave_dust":5,"minecraft:carrot":1,"minecraft:quartz_block":4,"minecraft:arrow":18,"minecraft:rotten_flesh":31,"minecraft:nether_bricks":1,"minecraft:iron_bars":14,"minecraft:cobblestone":3,"born_in_chaos_v1:corpse_maggot":9,"minecraft:potato":5,"minecraft:oak_log":4,"minecraft:chainmail_chestplate":1,"scalinghealth:heart_crystal":4,"minecraft:dirt":8,"minecraft:red_carpet":4,"minecraft:bone":14,"minecraft:stone_bricks":3,"minecraft:bow":1,"minecraft:iron_ingot":1,"tombstone:bag_of_seeds":1,"minecraft:mossy_stone_bricks":5,"minecraft:mossy_stone_brick_stairs":3,"minecraft:soul_sand":1,"minecraft:iron_sword":2,"minecraft:book":42,"minecraft:red_wool":9,"minecraft:gravel":2,"scalinghealth:enchanted_heart":1,"minecraft:mossy_cobblestone":7,"minecraft:bundle":1,"minecraft:polished_andesite":2,"minecraft:pumpkin_seeds":1,"minecraft:granite":1,"minecraft:golden_apple":1,"minecraft:black_wool":9},"minecraft:crafted":{"minecraft:wooden_sword":1,"minecraft:oak_planks":16,"minecraft:coal":9,"minecraft:crafting_table":1,"minecraft:wooden_pickaxe":1,"minecraft:baked_potato":6,"minecraft:air":0,"minecraft:stick":8,"minecraft:wooden_axe":1,"minecraft:black_carpet":12,"minecraft:torch":24},"minecraft:killed":{"minecraft:cave_spider":1,"born_in_chaos_v1:skeleton_demoman":1,"graveyard:revenant":1,"minecraft:spider":2,"born_in_chaos_v1:maggot":4,"minecraft:skeleton":4,"minecraft:silverfish":2,"born_in_chaos_v1:decrepit_skeleton":1,"minecraft:sheep":1,"royalvariations:royal_zombie":1,"minecraft:zombie":15,"born_in_chaos_v1:corpse_fly":5,"minecraft:stray":7,"born_in_chaos_v1:door_knight":1,"minecraft:wither_skeleton":2},"minecraft:mined":{"minecraft:red_carpet":2,"minecraft:mossy_cobblestone":10,"minecraft:andesite_stairs":1,"minecraft:red_nether_bricks":1,"minecraft:nether_bricks":5,"minecraft:budding_amethyst":1,"minecraft:grass_block":8,"minecraft:coal_block":1,"biomesoplenty:dead_grass":4,"minecraft:spawner":21,"minecraft:mossy_cobblestone_stairs":5,"minecraft:black_glazed_terracotta":1,"minecraft:andesite":1,"minecraft:mossy_stone_brick_stairs":4,"minecraft:bookshelf":15,"minecraft:potatoes":1,"minecraft:vine":7,"minecraft:iron_bars":22,"biomesoplenty:webbing":9,"minecraft:stone":54,"minecraft:quartz_block":18,"minecraft:red_wool":11,"minecraft:soul_sand":2,"minecraft:crafting_table":2,"minecraft:torch":3,"minecraft:calcite":3,"minecraft:polished_andesite_stairs":1,"minecraft:lectern":1,"minecraft:cobblestone":5,"minecraft:oak_planks":5,"minecraft:wall_torch":4,"minecraft:amethyst_block":5,"minecraft:grass":3,"minecraft:black_wool":6,"minecraft:oak_log":4,"minecraft:dirt":2,"minecraft:cracked_stone_bricks":13,"minecraft:smooth_basalt":4,"minecraft:polished_andesite":25,"minecraft:stone_bricks":1,"minecraft:mossy_stone_bricks":13,"minecraft:oak_leaves":9},"minecraft:killed_by":{"minecraft:wither_skeleton":1,"minecraft:skeleton":1}},"DataVersion":3120}