{"stats":{"minecraft:mined":{"create:deepslate_zinc_ore":2,"orcz:orcamanita":1,"minecraft:spruce_planks":1,"minecraft:white_bed":2,"minecraft:cobbled_deepslate_stairs":1,"minecraft:andesite_stairs":1,"minecraft:sculk_vein":9,"minecraft:red_nether_bricks":1,"minecraft:granite":196,"minecraft:budding_amethyst":1,"minecraft:grass_block":27,"biomesoplenty:flowering_oak_leaves":4,"minecraft:coal_block":1,"minecraft:spawner":21,"minecraft:sculk_catalyst":1,"minecraft:mossy_cobblestone_stairs":5,"minecraft:iron_ore":9,"minecraft:cobbled_deepslate":13,"minecraft:iron_bars":27,"biomesoplenty:webbing":9,"minecraft:deepslate_brick_stairs":1,"create:veridium":8,"minecraft:quartz_block":18,"minecraft:smoker":2,"born_in_chaos_v1:infected_deepslate_diamond_ore":1,"minecraft:torch":6,"minecraft:calcite":3,"minecraft:polished_andesite_stairs":1,"minecraft:chest":1,"minecraft:glass":1,"minecraft:cobblestone":14,"minecraft:oak_planks":7,"minecraft:wall_torch":8,"ancient_elements:deepslate_steel_ore":1,"minecraft:amethyst_block":5,"evilcraft:dark_ore_deepslate":1,"minecraft:lilac":4,"minecraft:stone_brick_stairs":1,"minecraft:grass":398,"minecraft:oak_log":23,"minecraft:dirt":34,"minecraft:sand":21,"minecraft:smooth_quartz":2,"minecraft:smooth_basalt":10,"minecraft:oak_leaves":19,"minecraft:deepslate":556,"create:zinc_ore":1,"minecraft:red_carpet":2,"minecraft:tuff":74,"minecraft:mossy_cobblestone":13,"minecraft:deepslate_diamond_ore":1,"minecraft:nether_bricks":5,"minecraft:spruce_leaves":1,"biomesoplenty:dead_grass":4,"minecraft:potted_bamboo":1,"minecraft:black_glazed_terracotta":1,"minecraft:andesite":11,"minecraft:mossy_stone_brick_stairs":4,"minecraft:bookshelf":16,"minecraft:potatoes":1,"minecraft:deepslate_iron_ore":2,"minecraft:vine":7,"minecraft:stone":129,"minecraft:white_wool":1,"minecraft:red_wool":11,"minecraft:soul_sand":2,"minecraft:polished_granite":2,"minecraft:crafting_table":3,"minecraft:rose_bush":3,"minecraft:sculk_sensor":1,"minecraft:lectern":1,"minecraft:tall_grass":26,"minecraft:deepslate_gold_ore":2,"minecraft:sculk":130,"minecraft:spruce_log":1,"minecraft:black_wool":6,"minecraft:coal_ore":31,"evilcraft:blood_stain":1,"minecraft:sunflower":4,"minecraft:gravel":29,"minecraft:dripstone_block":1,"minecraft:cracked_stone_bricks":16,"minecraft:polished_andesite":25,"minecraft:stone_bricks":5,"minecraft:mossy_stone_bricks":14,"minecraft:infested_stone":1},"minecraft:crafted":{"minecraft:oak_planks":96,"minecraft:stone":3,"minecraft:cooked_mutton":7,"minecraft:glass":20,"minecraft:chest":1,"minecraft:diamond_axe":1,"minecraft:crafting_table":2,"minecraft:wooden_pickaxe":1,"minecraft:baked_potato":6,"minecraft:shield":1,"minecraft:stick":12,"born_in_chaos_v1:smoked_flesh":14,"minecraft:wooden_sword":1,"minecraft:oak_door":3,"minecraft:coal":9,"minecraft:furnace":2,"born_in_chaos_v1:smoked_monster_flesh":1,"travelersbackpack:white_sleeping_bag":1,"minecraft:cooked_cod":9,"minecraft:air":0,"minecraft:jungle_planks":4,"minecraft:wooden_axe":1,"minecraft:black_carpet":12,"minecraft:stonecutter":1,"minecraft:white_bed":1,"minecraft:torch":24},"minecraft:custom":{"minecraft:interact_with_crafting_table":24,"minecraft:open_barrel":22,"minecraft:leave_game":4,"minecraft:time_since_death":10364,"minecraft:sprint_one_cm":775758,"minecraft:damage_blocked_by_shield":5704,"minecraft:drop":90,"minecraft:play_time":243514,"minecraft:deaths":7,"minecraft:jump":4368,"minecraft:walk_on_water_one_cm":5423,"minecraft:interact_with_furnace":28,"minecraft:interact_with_cartography_table":2,"minecraft:sleep_in_bed":1,"minecraft:damage_dealt":20538,"minecraft:crouch_one_cm":76869,"tombstone:undead_killed":57,"minecraft:interact_with_smoker":19,"minecraft:mob_kills":106,"minecraft:damage_dealt_resisted":924,"minecraft:climb_one_cm":11443,"minecraft:walk_one_cm":763534,"minecraft:sneak_time":28431,"minecraft:walk_under_water_one_cm":592,"minecraft:total_world_time":243514,"minecraft:interact_with_stonecutter":1,"minecraft:time_since_rest":0,"minecraft:damage_taken":9179,"minecraft:damage_absorbed":149,"minecraft:swim_one_cm":13381,"minecraft:fly_one_cm":596685,"minecraft:open_chest":144,"minecraft:fall_one_cm":105888},"minecraft:killed":{"minecraft:cave_spider":5,"graveyard:skeleton_creeper":1,"born_in_chaos_v1:zombie_lumberjack":3,"born_in_chaos_v1:restless_spirit":1,"born_in_chaos_v1:skeleton_demoman":1,"minecraft:spider":6,"minecraft:skeleton":11,"minecraft:silverfish":2,"minecraft:pig":1,"born_in_chaos_v1:diamond_termite":4,"minecraft:creeper":1,"minecraft:sheep":8,"minecraft:zombie":22,"born_in_chaos_v1:dread_hound":3,"born_in_chaos_v1:corpse_fly":5,"minecraft:stray":7,"born_in_chaos_v1:door_knight":1,"orcz:orcsavage_2sword":1,"graveyard:revenant":1,"born_in_chaos_v1:zombie_bruiser":1,"born_in_chaos_v1:maggot":6,"born_in_chaos_v1:baby_skeleton":1,"born_in_chaos_v1:decrepit_skeleton":3,"royalvariations:royal_zombie":3,"born_in_chaos_v1:dark_vortex":1,"born_in_chaos_v1:nightmare_stalker":1,"minecraft:wither_skeleton":2},"minecraft:used":{"magistuarmory:rusted_heavymace":6,"minecraft:chest":3,"minecraft:shield":85,"minecraft:iron_sword":286,"minecraft:rotten_flesh":4,"minecraft:soul_sand":1,"minecraft:jungle_planks":4,"minecraft:carrot":27,"minecraft:glass":20,"born_in_chaos_v1:smoked_flesh":8,"tombstone:tablet_of_cupidity":2,"minecraft:stone_bricks":3,"minecraft:furnace":2,"minecraft:cooked_cod":9,"minecraft:potato":3,"minecraft:golden_boots":1,"minecraft:mossy_stone_bricks":4,"minecraft:stone_pickaxe":74,"minecraft:oak_planks":14,"minecraft:wooden_pickaxe":2,"minecraft:chainmail_helmet":1,"minecraft:diamond_axe":32,"minecraft:white_wool":1,"minecraft:golden_apple":5,"scalinghealth:enchanted_heart":1,"minecraft:bread":12,"minecraft:melon_slice":3,"tombstone:grave_key":3,"born_in_chaos_v1:smoked_monster_flesh":1,"minecraft:gravel":12,"minecraft:diamond_sword":125,"minecraft:andesite":16,"minecraft:experience_bottle":10,"minecraft:iron_bars":2,"minecraft:oak_door":1,"minecraft:torch":109,"minecraft:dirt":143,"scalinghealth:heart_crystal":8,"minecraft:chainmail_chestplate":1,"minecraft:wooden_axe":47,"minecraft:cooked_beef":3,"minecraft:cobbled_deepslate":201,"minecraft:cooked_mutton":7,"minecraft:polished_andesite":2,"minecraft:baked_potato":9,"minecraft:stonecutter":1,"ancient_elements:iron_hammer":250,"minecraft:cracked_stone_bricks":5,"minecraft:mossy_cobblestone":2,"minecraft:crafting_table":4,"minecraft:white_bed":3,"minecraft:smoker":2,"minecraft:oak_log":1,"minecraft:apple":10,"minecraft:iron_pickaxe":997,"minecraft:stone_axe":40,"minecraft:cobblestone":117,"minecraft:porkchop":1,"alexsmobs:animal_dictionary":2},"minecraft:dropped":{"minecraft:iron_sword":1,"minecraft:porkchop":1,"minecraft:dirt":15,"tombstone:bag_of_seeds":1,"minecraft:iron_pickaxe":2,"minecraft:white_wool":1,"minecraft:bone":19,"minecraft:gravel":1,"minecraft:cobbled_deepslate":198,"tombstone:gift":1,"minecraft:rotten_flesh":28,"minecraft:oak_planks":28,"minecraft:cooked_mutton":12,"evilcraft:flesh_humanoid":1,"minecraft:chainmail_chestplate":1,"minecraft:black_glazed_terracotta":1,"born_in_chaos_v1:corpse_maggot":9,"born_in_chaos_v1:diamond_termite_shard":4,"minecraft:chainmail_boots":1,"magistuarmory:rustedchainmail_chestplate":1,"minecraft:iron_bars":2,"minecraft:lectern":1,"minecraft:golden_boots":1,"minecraft:iron_ingot":2,"minecraft:bread":1,"minecraft:wheat_seeds":19,"minecraft:golden_helmet":1,"evilcraft:condensed_blood":51,"minecraft:cobblestone":12,"minecraft:apple":4,"minecraft:chainmail_helmet":1,"minecraft:stick":10,"minecraft:gray_wool":1,"minecraft:torch":25,"minecraft:wooden_axe":2,"tombstone:grave_dust":1,"minecraft:potion":2,"minecraft:string":5,"create:raw_zinc":2,"minecraft:shield":1,"minecraft:bundle":1,"minecraft:mossy_stone_bricks":2,"minecraft:golden_leggings":1,"minecraft:spider_eye":1,"minecraft:bamboo":1,"tombstone:essence_of_undeath":1,"minecraft:calcite":1,"minecraft:black_wool":1},"minecraft:broken":{"minecraft:iron_chestplate":1,"magistuarmory:rusted_heavymace":1,"minecraft:iron_sword":1,"minecraft:wooden_axe":1,"ancient_elements:iron_hammer":1,"minecraft:shield":1,"minecraft:iron_helmet":1},"minecraft:picked_up":{"minecraft:wooden_axe":2,"minecraft:black_carpet":4,"minecraft:chainmail_boots":2,"minecraft:flower_pot":1,"minecraft:stone_brick_stairs":1,"minecraft:string":9,"minecraft:red_nether_bricks":1,"minecraft:cobbled_deepslate":769,"minecraft:black_glazed_terracotta":1,"minecraft:calcite":1,"minecraft:iron_pickaxe":1,"minecraft:coal_block":1,"minecraft:tipped_arrow":1,"minecraft:golden_helmet":1,"minecraft:torch":52,"minecraft:acacia_log":1,"minecraft:porkchop":2,"magistuarmory:rusted_heavymace":1,"tombstone:grave_dust":6,"minecraft:quartz_block":4,"minecraft:rotten_flesh":49,"evilcraft:condensed_blood":122,"minecraft:iron_bars":17,"minecraft:cobblestone":161,"orcz:orcteeth":3,"minecraft:jungle_log":1,"minecraft:andesite":16,"minecraft:smoker":2,"minecraft:potato":7,"ancient_elements:raw_lead":2,"minecraft:flint":4,"minecraft:tuff":59,"create:raw_zinc":3,"evilcraft:flesh_humanoid":1,"minecraft:dirt":134,"born_in_chaos_v1:monster_skin":1,"minecraft:bone":40,"minecraft:bow":1,"minecraft:wheat_seeds":34,"minecraft:mossy_stone_bricks":6,"minecraft:bamboo":1,"minecraft:mossy_stone_brick_stairs":3,"minecraft:oak_planks":50,"minecraft:sand":20,"scalinghealth:enchanted_heart":1,"minecraft:mossy_cobblestone":9,"minecraft:bundle":1,"minecraft:polished_andesite":2,"minecraft:diamond":13,"magistuarmory:corruptedroundshield":1,"minecraft:granite":193,"minecraft:golden_apple":1,"minecraft:bread":11,"minecraft:oak_sapling":2,"born_in_chaos_v1:diamond_termite_shard":5,"minecraft:crafting_table":3,"minecraft:cracked_stone_bricks":6,"minecraft:lectern":1,"minecraft:chest":2,"minecraft:raw_iron":12,"magistuarmory:rustedbarbute":1,"born_in_chaos_v1:pieceofdarkmetal":1,"minecraft:carrot":1,"minecraft:arrow":25,"born_in_chaos_v1:wood_splitter_axe":1,"minecraft:nether_bricks":1,"tombstone:essence_of_undeath":1,"minecraft:gold_ingot":5,"minecraft:mutton":9,"minecraft:white_wool":8,"born_in_chaos_v1:corpse_maggot":9,"born_in_chaos_v1:monster_flesh":2,"ancient_elements:iron_hammer":2,"minecraft:oak_log":26,"minecraft:chainmail_chestplate":1,"scalinghealth:heart_crystal":7,"minecraft:cooked_mutton":12,"minecraft:red_carpet":4,"minecraft:stone_bricks":4,"minecraft:iron_ingot":5,"scalinghealth:power_crystal_shard":2,"tombstone:bag_of_seeds":1,"minecraft:iron_sword":2,"minecraft:soul_sand":1,"minecraft:book":45,"minecraft:red_wool":9,"minecraft:gravel":27,"born_in_chaos_v1:dark_rod":1,"minecraft:white_bed":2,"magistuarmory:rustedchainmail_leggings":1,"minecraft:spider_eye":2,"minecraft:pumpkin_seeds":1,"evilcraft:dark_gem":15,"minecraft:gray_wool":1,"minecraft:black_wool":9,"minecraft:coal":31},"minecraft:killed_by":{"minecraft:wither_skeleton":1,"born_in_chaos_v1:nightmare_stalker":1,"mutantmonsters:mutant_creeper":1,"minecraft:zombie":1,"royalvariations:royal_zombie":1,"minecraft:warden":1,"minecraft:skeleton":1}},"DataVersion":3120}