{"stats":{"minecraft:mined":{"create:deepslate_zinc_ore":2,"create:zinc_ore":1,"minecraft:tuff":74,"minecraft:red_carpet":2,"minecraft:spruce_planks":1,"minecraft:white_bed":1,"minecraft:mossy_cobblestone":13,"minecraft:deepslate_diamond_ore":1,"minecraft:cobbled_deepslate_stairs":1,"minecraft:andesite_stairs":1,"minecraft:sculk_vein":9,"minecraft:red_nether_bricks":1,"minecraft:nether_bricks":5,"minecraft:granite":196,"minecraft:budding_amethyst":1,"minecraft:grass_block":20,"biomesoplenty:flowering_oak_leaves":4,"minecraft:coal_block":1,"minecraft:spruce_leaves":1,"biomesoplenty:dead_grass":4,"minecraft:potted_bamboo":1,"minecraft:spawner":21,"minecraft:sculk_catalyst":1,"minecraft:black_glazed_terracotta":1,"minecraft:mossy_cobblestone_stairs":5,"minecraft:iron_ore":9,"minecraft:cobbled_deepslate":13,"minecraft:andesite":11,"minecraft:mossy_stone_brick_stairs":4,"minecraft:bookshelf":16,"minecraft:potatoes":1,"minecraft:deepslate_iron_ore":2,"minecraft:vine":7,"biomesoplenty:webbing":9,"minecraft:iron_bars":27,"minecraft:deepslate_brick_stairs":1,"minecraft:stone":129,"create:veridium":8,"minecraft:white_wool":1,"minecraft:quartz_block":18,"minecraft:red_wool":11,"minecraft:soul_sand":2,"minecraft:smoker":2,"minecraft:polished_granite":2,"born_in_chaos_v1:infected_deepslate_diamond_ore":1,"minecraft:crafting_table":3,"minecraft:torch":6,"minecraft:calcite":3,"minecraft:polished_andesite_stairs":1,"minecraft:chest":1,"minecraft:rose_bush":3,"minecraft:sculk_sensor":1,"minecraft:lectern":1,"minecraft:tall_grass":23,"minecraft:cobblestone":14,"ancient_elements:deepslate_steel_ore":1,"minecraft:deepslate_gold_ore":2,"minecraft:oak_planks":7,"minecraft:wall_torch":8,"minecraft:sculk":130,"minecraft:amethyst_block":5,"evilcraft:dark_ore_deepslate":1,"minecraft:lilac":4,"minecraft:spruce_log":1,"minecraft:stone_brick_stairs":1,"minecraft:black_wool":6,"minecraft:grass":393,"minecraft:coal_ore":31,"minecraft:oak_log":23,"minecraft:sand":2,"minecraft:smooth_quartz":2,"minecraft:sunflower":4,"minecraft:gravel":29,"minecraft:dripstone_block":1,"minecraft:dirt":26,"minecraft:smooth_basalt":10,"minecraft:cracked_stone_bricks":16,"minecraft:stone_bricks":5,"minecraft:polished_andesite":25,"minecraft:mossy_stone_bricks":14,"minecraft:oak_leaves":19,"minecraft:deepslate":556,"minecraft:infested_stone":1},"minecraft:crafted":{"minecraft:wooden_sword":1,"minecraft:oak_planks":40,"minecraft:coal":9,"minecraft:furnace":1,"minecraft:cooked_mutton":7,"minecraft:chest":1,"minecraft:cooked_cod":9,"minecraft:crafting_table":2,"minecraft:diamond_axe":1,"minecraft:wooden_pickaxe":1,"minecraft:baked_potato":6,"minecraft:jungle_planks":4,"minecraft:air":0,"minecraft:shield":1,"minecraft:stick":12,"born_in_chaos_v1:smoked_flesh":6,"minecraft:wooden_axe":1,"minecraft:black_carpet":12,"minecraft:white_bed":1,"minecraft:torch":24},"minecraft:killed":{"minecraft:cave_spider":5,"graveyard:skeleton_creeper":1,"born_in_chaos_v1:restless_spirit":1,"born_in_chaos_v1:zombie_lumberjack":2,"born_in_chaos_v1:skeleton_demoman":1,"graveyard:revenant":1,"minecraft:spider":6,"born_in_chaos_v1:maggot":6,"minecraft:skeleton":11,"minecraft:silverfish":2,"minecraft:pig":1,"born_in_chaos_v1:diamond_termite":4,"born_in_chaos_v1:baby_skeleton":1,"minecraft:creeper":1,"born_in_chaos_v1:decrepit_skeleton":3,"minecraft:sheep":6,"royalvariations:royal_zombie":2,"minecraft:zombie":21,"born_in_chaos_v1:corpse_fly":5,"minecraft:stray":7,"born_in_chaos_v1:nightmare_stalker":1,"born_in_chaos_v1:door_knight":1,"orcz:orcsavage_2sword":1,"minecraft:wither_skeleton":2},"minecraft:custom":{"minecraft:mob_kills":97,"minecraft:interact_with_crafting_table":14,"minecraft:open_barrel":22,"minecraft:damage_dealt_resisted":918,"minecraft:leave_game":3,"minecraft:time_since_death":45228,"minecraft:climb_one_cm":11443,"minecraft:sprint_one_cm":735181,"minecraft:walk_one_cm":707314,"minecraft:damage_blocked_by_shield":4833,"minecraft:drop":85,"minecraft:play_time":219698,"minecraft:sneak_time":26445,"minecraft:deaths":5,"minecraft:walk_under_water_one_cm":276,"minecraft:jump":3898,"minecraft:walk_on_water_one_cm":3855,"minecraft:total_world_time":219698,"minecraft:interact_with_furnace":17,"minecraft:interact_with_cartography_table":2,"minecraft:time_since_rest":45006,"minecraft:damage_taken":7743,"minecraft:damage_absorbed":149,"minecraft:swim_one_cm":4049,"minecraft:damage_dealt":17490,"minecraft:crouch_one_cm":69052,"minecraft:fly_one_cm":506122,"minecraft:open_chest":136,"tombstone:undead_killed":53,"minecraft:interact_with_smoker":15,"minecraft:fall_one_cm":90635},"minecraft:used":{"minecraft:iron_bars":2,"minecraft:chest":3,"minecraft:shield":73,"minecraft:iron_sword":286,"minecraft:rotten_flesh":4,"minecraft:torch":103,"minecraft:soul_sand":1,"minecraft:dirt":45,"scalinghealth:heart_crystal":8,"minecraft:jungle_planks":4,"minecraft:chainmail_chestplate":1,"minecraft:carrot":27,"minecraft:wooden_axe":47,"born_in_chaos_v1:smoked_flesh":6,"tombstone:tablet_of_cupidity":2,"minecraft:stone_bricks":3,"minecraft:furnace":1,"minecraft:cooked_cod":9,"minecraft:potato":3,"minecraft:cooked_beef":3,"minecraft:cobbled_deepslate":201,"minecraft:golden_boots":1,"minecraft:cooked_mutton":7,"minecraft:mossy_stone_bricks":4,"minecraft:baked_potato":9,"minecraft:stone_pickaxe":74,"minecraft:polished_andesite":2,"minecraft:wooden_pickaxe":2,"ancient_elements:iron_hammer":250,"minecraft:diamond_axe":24,"minecraft:chainmail_helmet":1,"minecraft:cracked_stone_bricks":5,"minecraft:golden_apple":5,"minecraft:white_wool":1,"minecraft:mossy_cobblestone":2,"minecraft:crafting_table":4,"minecraft:white_bed":2,"minecraft:smoker":1,"minecraft:apple":10,"scalinghealth:enchanted_heart":1,"minecraft:melon_slice":3,"minecraft:bread":12,"minecraft:iron_pickaxe":996,"minecraft:gravel":12,"minecraft:stone_axe":40,"tombstone:grave_key":2,"minecraft:diamond_sword":72,"minecraft:cobblestone":117,"minecraft:andesite":16,"minecraft:porkchop":1,"alexsmobs:animal_dictionary":2,"minecraft:experience_bottle":10,"magistuarmory:rusted_heavymace":6},"minecraft:dropped":{"minecraft:golden_boots":1,"minecraft:iron_ingot":2,"minecraft:bread":1,"minecraft:iron_sword":1,"minecraft:porkchop":1,"minecraft:wheat_seeds":19,"minecraft:golden_helmet":1,"evilcraft:condensed_blood":51,"minecraft:cobblestone":12,"minecraft:apple":4,"minecraft:chainmail_helmet":1,"minecraft:stick":10,"minecraft:dirt":15,"tombstone:bag_of_seeds":1,"minecraft:gray_wool":1,"minecraft:torch":19,"minecraft:wooden_axe":2,"minecraft:potion":2,"minecraft:iron_pickaxe":2,"minecraft:string":5,"minecraft:white_wool":1,"minecraft:gravel":1,"minecraft:cobbled_deepslate":198,"tombstone:gift":1,"minecraft:rotten_flesh":28,"minecraft:oak_planks":28,"minecraft:cooked_mutton":12,"evilcraft:flesh_humanoid":1,"minecraft:chainmail_chestplate":1,"minecraft:black_glazed_terracotta":1,"minecraft:shield":1,"minecraft:bundle":1,"born_in_chaos_v1:corpse_maggot":9,"minecraft:mossy_stone_bricks":2,"minecraft:golden_leggings":1,"minecraft:chainmail_boots":1,"born_in_chaos_v1:diamond_termite_shard":4,"magistuarmory:rustedchainmail_chestplate":1,"minecraft:spider_eye":1,"minecraft:bamboo":1,"minecraft:iron_bars":2,"minecraft:calcite":1,"minecraft:black_wool":1,"minecraft:lectern":1},"minecraft:broken":{"ancient_elements:iron_hammer":1,"magistuarmory:rusted_heavymace":1,"minecraft:shield":1,"minecraft:iron_sword":1,"minecraft:iron_helmet":1,"minecraft:wooden_axe":1},"minecraft:picked_up":{"minecraft:wooden_axe":2,"minecraft:crafting_table":3,"born_in_chaos_v1:diamond_termite_shard":5,"minecraft:black_carpet":4,"minecraft:chainmail_boots":2,"minecraft:flower_pot":1,"minecraft:stone_brick_stairs":1,"minecraft:string":9,"minecraft:red_nether_bricks":1,"minecraft:cracked_stone_bricks":6,"minecraft:cobbled_deepslate":769,"minecraft:black_glazed_terracotta":1,"minecraft:calcite":1,"minecraft:iron_pickaxe":1,"minecraft:lectern":1,"minecraft:coal_block":1,"minecraft:chest":2,"minecraft:golden_helmet":1,"minecraft:tipped_arrow":1,"minecraft:raw_iron":12,"minecraft:torch":45,"magistuarmory:rustedbarbute":1,"minecraft:porkchop":2,"magistuarmory:rusted_heavymace":1,"tombstone:grave_dust":5,"born_in_chaos_v1:pieceofdarkmetal":1,"minecraft:carrot":1,"minecraft:quartz_block":4,"minecraft:arrow":25,"minecraft:rotten_flesh":41,"minecraft:nether_bricks":1,"tombstone:essence_of_undeath":1,"minecraft:gold_ingot":3,"evilcraft:condensed_blood":122,"minecraft:mutton":6,"minecraft:iron_bars":17,"minecraft:white_wool":5,"minecraft:cobblestone":145,"born_in_chaos_v1:corpse_maggot":9,"orcz:orcteeth":3,"minecraft:jungle_log":1,"minecraft:andesite":16,"ancient_elements:raw_lead":2,"minecraft:smoker":2,"ancient_elements:iron_hammer":2,"minecraft:potato":6,"minecraft:flint":4,"minecraft:tuff":59,"create:raw_zinc":3,"minecraft:oak_log":24,"minecraft:chainmail_chestplate":1,"evilcraft:flesh_humanoid":1,"scalinghealth:heart_crystal":7,"minecraft:dirt":71,"minecraft:cooked_mutton":12,"minecraft:red_carpet":4,"minecraft:bone":21,"minecraft:stone_bricks":4,"minecraft:bow":1,"minecraft:wheat_seeds":32,"minecraft:iron_ingot":5,"scalinghealth:power_crystal_shard":2,"tombstone:bag_of_seeds":1,"minecraft:mossy_stone_bricks":6,"minecraft:bamboo":1,"minecraft:iron_sword":2,"minecraft:oak_planks":50,"minecraft:mossy_stone_brick_stairs":3,"minecraft:soul_sand":1,"minecraft:book":45,"minecraft:red_wool":9,"minecraft:gravel":27,"minecraft:sand":2,"scalinghealth:enchanted_heart":1,"minecraft:white_bed":1,"magistuarmory:rustedchainmail_leggings":1,"minecraft:spider_eye":2,"minecraft:mossy_cobblestone":9,"minecraft:bundle":1,"minecraft:polished_andesite":2,"minecraft:pumpkin_seeds":1,"minecraft:diamond":13,"evilcraft:dark_gem":15,"magistuarmory:corruptedroundshield":1,"minecraft:granite":193,"minecraft:golden_apple":1,"minecraft:gray_wool":1,"minecraft:bread":11,"minecraft:oak_sapling":2,"minecraft:black_wool":9,"minecraft:coal":31},"minecraft:killed_by":{"minecraft:wither_skeleton":1,"born_in_chaos_v1:nightmare_stalker":1,"minecraft:warden":1,"minecraft:skeleton":1,"minecraft:zombie":1}},"DataVersion":3120}