{"stats":{"minecraft:custom":{"minecraft:interact_with_furnace":9,"minecraft:mob_kills":44,"minecraft:interact_with_crafting_table":5,"minecraft:damage_dealt_resisted":20,"minecraft:leave_game":2,"minecraft:time_since_death":31966,"minecraft:climb_one_cm":9503,"minecraft:time_since_rest":31761,"minecraft:damage_absorbed":39,"minecraft:sprint_one_cm":284814,"minecraft:damage_taken":2563,"minecraft:walk_one_cm":300426,"minecraft:damage_blocked_by_shield":2152,"minecraft:drop":41,"minecraft:damage_dealt":7326,"minecraft:fly_one_cm":66551,"minecraft:open_chest":98,"minecraft:crouch_one_cm":12090,"minecraft:play_time":72210,"tombstone:undead_killed":29,"minecraft:deaths":2,"minecraft:sneak_time":4309,"minecraft:walk_under_water_one_cm":65,"minecraft:jump":619,"minecraft:walk_on_water_one_cm":1978,"minecraft:total_world_time":72210,"minecraft:fall_one_cm":10343},"minecraft:dropped":{"minecraft:gravel":1,"minecraft:golden_boots":1,"minecraft:iron_sword":1,"minecraft:golden_helmet":1,"minecraft:rotten_flesh":25,"minecraft:apple":1,"minecraft:chainmail_helmet":1,"minecraft:chainmail_chestplate":1,"minecraft:black_glazed_terracotta":1,"tombstone:bag_of_seeds":1,"minecraft:shield":1,"minecraft:bundle":1,"minecraft:chainmail_boots":1,"minecraft:wooden_axe":2,"born_in_chaos_v1:corpse_maggot":9,"minecraft:mossy_stone_bricks":2,"minecraft:golden_leggings":1,"magistuarmory:rustedchainmail_chestplate":1,"minecraft:potion":1,"minecraft:iron_bars":2,"minecraft:calcite":1,"minecraft:black_wool":1},"minecraft:crafted":{"minecraft:wooden_sword":1,"minecraft:oak_planks":16,"minecraft:coal":9,"minecraft:crafting_table":1,"minecraft:wooden_pickaxe":1,"minecraft:baked_potato":6,"minecraft:air":0,"minecraft:stick":8,"minecraft:black_carpet":12,"minecraft:wooden_axe":1,"minecraft:torch":24},"minecraft:picked_up":{"minecraft:wooden_axe":2,"born_in_chaos_v1:corpse_maggot":9,"minecraft:crafting_table":2,"minecraft:black_carpet":4,"minecraft:chainmail_boots":2,"minecraft:potato":5,"minecraft:oak_log":4,"minecraft:chainmail_chestplate":1,"scalinghealth:heart_crystal":4,"minecraft:string":4,"minecraft:red_nether_bricks":1,"minecraft:red_carpet":4,"minecraft:bone":14,"minecraft:stone_bricks":3,"minecraft:bow":1,"minecraft:cracked_stone_bricks":6,"minecraft:black_glazed_terracotta":1,"minecraft:calcite":1,"tombstone:bag_of_seeds":1,"minecraft:mossy_stone_bricks":5,"minecraft:coal_block":1,"minecraft:lectern":1,"minecraft:soul_sand":1,"minecraft:chest":2,"minecraft:iron_sword":2,"minecraft:mossy_stone_brick_stairs":3,"minecraft:book":42,"minecraft:tipped_arrow":1,"minecraft:golden_helmet":1,"minecraft:red_wool":9,"minecraft:torch":13,"minecraft:gravel":2,"magistuarmory:rusted_heavymace":1,"scalinghealth:enchanted_heart":1,"minecraft:bundle":1,"tombstone:grave_dust":5,"minecraft:mossy_cobblestone":7,"minecraft:pumpkin_seeds":1,"minecraft:quartz_block":4,"minecraft:polished_andesite":2,"minecraft:arrow":18,"minecraft:rotten_flesh":31,"minecraft:nether_bricks":1,"minecraft:granite":1,"minecraft:golden_apple":1,"minecraft:black_wool":9,"minecraft:iron_bars":14,"minecraft:cobblestone":3},"minecraft:killed":{"minecraft:cave_spider":1,"minecraft:spider":2,"born_in_chaos_v1:decrepit_skeleton":1,"born_in_chaos_v1:maggot":4,"minecraft:skeleton":4,"minecraft:zombie":15,"born_in_chaos_v1:corpse_fly":5,"minecraft:stray":7,"minecraft:silverfish":2,"minecraft:wither_skeleton":2},"minecraft:used":{"minecraft:golden_boots":1,"minecraft:mossy_stone_bricks":3,"minecraft:iron_bars":1,"magistuarmory:rusted_heavymace":6,"minecraft:stone_pickaxe":74,"minecraft:polished_andesite":2,"minecraft:baked_potato":7,"minecraft:chest":2,"minecraft:shield":39,"minecraft:wooden_pickaxe":2,"minecraft:iron_sword":98,"minecraft:chainmail_helmet":1,"minecraft:cracked_stone_bricks":5,"minecraft:torch":62,"minecraft:golden_apple":1,"minecraft:soul_sand":1,"scalinghealth:heart_crystal":5,"minecraft:crafting_table":2,"minecraft:chainmail_chestplate":1,"minecraft:carrot":23,"minecraft:wooden_axe":47,"minecraft:apple":8,"scalinghealth:enchanted_heart":1,"minecraft:bread":1,"minecraft:melon_slice":2,"minecraft:iron_pickaxe":112,"minecraft:stone_bricks":2,"minecraft:stone_axe":40,"minecraft:cobblestone":3,"alexsmobs:animal_dictionary":2,"minecraft:cooked_beef":3,"minecraft:potato":3,"minecraft:experience_bottle":10},"minecraft:broken":{"minecraft:wooden_axe":1,"magistuarmory:rusted_heavymace":1},"minecraft:killed_by":{"minecraft:wither_skeleton":1,"minecraft:skeleton":1},"minecraft:mined":{"minecraft:red_carpet":2,"minecraft:quartz_block":18,"minecraft:soul_sand":2,"minecraft:red_wool":11,"minecraft:mossy_cobblestone":9,"minecraft:red_nether_bricks":1,"minecraft:crafting_table":2,"minecraft:torch":2,"minecraft:nether_bricks":5,"minecraft:budding_amethyst":1,"minecraft:calcite":3,"minecraft:lectern":1,"minecraft:coal_block":1,"minecraft:cobblestone":3,"minecraft:oak_planks":3,"minecraft:wall_torch":3,"minecraft:amethyst_block":5,"minecraft:spawner":15,"minecraft:mossy_cobblestone_stairs":5,"minecraft:black_glazed_terracotta":1,"minecraft:mossy_stone_brick_stairs":4,"minecraft:vine":7,"minecraft:black_wool":6,"minecraft:grass":3,"minecraft:bookshelf":15,"minecraft:potatoes":1,"minecraft:oak_log":4,"minecraft:iron_bars":22,"biomesoplenty:webbing":7,"minecraft:dirt":1,"minecraft:smooth_basalt":4,"minecraft:cracked_stone_bricks":11,"minecraft:stone":14,"minecraft:polished_andesite":7,"minecraft:mossy_stone_bricks":12,"minecraft:oak_leaves":9}},"DataVersion":3120}