{"stats":{"minecraft:broken":{"magistuarmory:rusted_heavymace":1,"minecraft:shield":1,"minecraft:wooden_axe":1},"minecraft:custom":{"minecraft:mob_kills":72,"minecraft:interact_with_crafting_table":11,"minecraft:damage_dealt_resisted":918,"minecraft:leave_game":2,"minecraft:time_since_death":19114,"minecraft:climb_one_cm":11443,"minecraft:sprint_one_cm":492920,"minecraft:walk_one_cm":455907,"minecraft:damage_blocked_by_shield":4223,"minecraft:drop":59,"minecraft:play_time":121349,"minecraft:deaths":3,"minecraft:sneak_time":6759,"minecraft:walk_under_water_one_cm":263,"minecraft:jump":2035,"minecraft:walk_on_water_one_cm":2689,"minecraft:total_world_time":121349,"minecraft:interact_with_furnace":16,"minecraft:time_since_rest":18872,"minecraft:damage_taken":4453,"minecraft:damage_absorbed":149,"minecraft:damage_dealt":13084,"minecraft:fly_one_cm":302134,"minecraft:open_chest":118,"minecraft:crouch_one_cm":19481,"tombstone:undead_killed":41,"minecraft:fall_one_cm":47054},"minecraft:dropped":{"minecraft:golden_boots":1,"minecraft:iron_ingot":2,"minecraft:bread":1,"minecraft:iron_sword":1,"minecraft:porkchop":1,"minecraft:wheat_seeds":1,"minecraft:golden_helmet":1,"evilcraft:condensed_blood":51,"minecraft:cobblestone":12,"minecraft:apple":1,"minecraft:chainmail_helmet":1,"tombstone:bag_of_seeds":1,"minecraft:gray_wool":1,"minecraft:torch":19,"minecraft:wooden_axe":2,"minecraft:potion":2,"minecraft:iron_pickaxe":2,"minecraft:string":1,"minecraft:white_wool":1,"minecraft:gravel":1,"minecraft:rotten_flesh":26,"minecraft:oak_planks":28,"evilcraft:flesh_humanoid":1,"minecraft:chainmail_chestplate":1,"minecraft:black_glazed_terracotta":1,"minecraft:shield":1,"minecraft:bundle":1,"born_in_chaos_v1:corpse_maggot":9,"minecraft:mossy_stone_bricks":2,"minecraft:golden_leggings":1,"minecraft:chainmail_boots":1,"magistuarmory:rustedchainmail_chestplate":1,"minecraft:iron_bars":2,"minecraft:calcite":1,"minecraft:black_wool":1,"minecraft:lectern":1},"minecraft:used":{"minecraft:iron_bars":2,"magistuarmory:rusted_heavymace":6,"minecraft:chest":2,"minecraft:shield":63,"minecraft:iron_sword":245,"minecraft:torch":69,"minecraft:dirt":14,"minecraft:soul_sand":1,"scalinghealth:heart_crystal":7,"minecraft:chainmail_chestplate":1,"minecraft:carrot":25,"minecraft:wooden_axe":47,"tombstone:tablet_of_cupidity":2,"minecraft:stone_bricks":2,"minecraft:furnace":1,"minecraft:cooked_beef":3,"minecraft:potato":3,"minecraft:golden_boots":1,"minecraft:mossy_stone_bricks":3,"minecraft:polished_andesite":2,"minecraft:stone_pickaxe":74,"minecraft:baked_potato":9,"minecraft:wooden_pickaxe":2,"minecraft:chainmail_helmet":1,"minecraft:diamond_axe":1,"minecraft:cracked_stone_bricks":5,"minecraft:white_wool":1,"minecraft:mossy_cobblestone":2,"minecraft:golden_apple":5,"minecraft:crafting_table":3,"minecraft:white_bed":1,"minecraft:apple":8,"scalinghealth:enchanted_heart":1,"minecraft:melon_slice":2,"minecraft:bread":12,"minecraft:iron_pickaxe":261,"minecraft:stone_axe":40,"minecraft:cobblestone":12,"minecraft:porkchop":1,"alexsmobs:animal_dictionary":2,"minecraft:experience_bottle":10},"minecraft:picked_up":{"minecraft:wooden_axe":2,"minecraft:crafting_table":3,"minecraft:black_carpet":4,"minecraft:chainmail_boots":2,"minecraft:string":5,"minecraft:red_nether_bricks":1,"minecraft:cracked_stone_bricks":6,"minecraft:black_glazed_terracotta":1,"minecraft:calcite":1,"minecraft:iron_pickaxe":1,"minecraft:lectern":1,"minecraft:coal_block":1,"minecraft:chest":2,"minecraft:golden_helmet":1,"minecraft:tipped_arrow":1,"minecraft:torch":39,"minecraft:porkchop":2,"magistuarmory:rusted_heavymace":1,"tombstone:grave_dust":5,"minecraft:carrot":1,"minecraft:quartz_block":4,"minecraft:arrow":20,"minecraft:rotten_flesh":32,"minecraft:nether_bricks":1,"minecraft:gold_ingot":3,"evilcraft:condensed_blood":122,"minecraft:mutton":6,"minecraft:iron_bars":15,"minecraft:white_wool":5,"minecraft:cobblestone":40,"born_in_chaos_v1:corpse_maggot":9,"minecraft:potato":6,"evilcraft:flesh_humanoid":1,"minecraft:oak_log":10,"minecraft:chainmail_chestplate":1,"scalinghealth:heart_crystal":6,"minecraft:dirt":9,"minecraft:red_carpet":4,"minecraft:bone":14,"minecraft:stone_bricks":3,"minecraft:bow":1,"minecraft:wheat_seeds":1,"minecraft:iron_ingot":4,"tombstone:bag_of_seeds":1,"minecraft:mossy_stone_bricks":5,"minecraft:oak_planks":48,"minecraft:mossy_stone_brick_stairs":3,"minecraft:soul_sand":1,"minecraft:iron_sword":2,"minecraft:book":45,"minecraft:red_wool":9,"minecraft:gravel":2,"scalinghealth:enchanted_heart":1,"minecraft:white_bed":1,"minecraft:mossy_cobblestone":9,"minecraft:bundle":1,"minecraft:polished_andesite":2,"minecraft:pumpkin_seeds":1,"minecraft:granite":1,"minecraft:golden_apple":1,"minecraft:gray_wool":1,"minecraft:bread":11,"minecraft:black_wool":9,"minecraft:coal":31},"minecraft:crafted":{"minecraft:wooden_sword":1,"minecraft:oak_planks":40,"minecraft:coal":9,"minecraft:furnace":1,"minecraft:cooked_mutton":6,"minecraft:diamond_axe":1,"minecraft:crafting_table":2,"minecraft:wooden_pickaxe":1,"minecraft:baked_potato":6,"minecraft:air":0,"minecraft:shield":1,"minecraft:stick":8,"minecraft:wooden_axe":1,"minecraft:black_carpet":12,"minecraft:white_bed":1,"minecraft:torch":24},"minecraft:killed":{"minecraft:cave_spider":3,"born_in_chaos_v1:zombie_lumberjack":1,"born_in_chaos_v1:restless_spirit":1,"born_in_chaos_v1:skeleton_demoman":1,"graveyard:revenant":1,"minecraft:spider":4,"born_in_chaos_v1:maggot":6,"minecraft:skeleton":7,"minecraft:silverfish":2,"minecraft:pig":1,"minecraft:creeper":1,"born_in_chaos_v1:decrepit_skeleton":2,"minecraft:sheep":6,"royalvariations:royal_zombie":2,"minecraft:zombie":17,"born_in_chaos_v1:corpse_fly":5,"born_in_chaos_v1:nightmare_stalker":1,"minecraft:stray":7,"born_in_chaos_v1:door_knight":1,"minecraft:wither_skeleton":2},"minecraft:mined":{"minecraft:red_carpet":2,"minecraft:white_bed":1,"minecraft:spruce_planks":1,"minecraft:mossy_cobblestone":13,"minecraft:cobbled_deepslate_stairs":1,"minecraft:andesite_stairs":1,"minecraft:red_nether_bricks":1,"minecraft:nether_bricks":5,"minecraft:budding_amethyst":1,"minecraft:grass_block":11,"minecraft:coal_block":1,"biomesoplenty:dead_grass":4,"minecraft:spawner":21,"minecraft:mossy_cobblestone_stairs":5,"minecraft:black_glazed_terracotta":1,"minecraft:andesite":1,"minecraft:mossy_stone_brick_stairs":4,"minecraft:bookshelf":16,"minecraft:potatoes":1,"minecraft:vine":7,"minecraft:iron_bars":24,"biomesoplenty:webbing":9,"minecraft:deepslate_brick_stairs":1,"minecraft:stone":76,"minecraft:white_wool":1,"minecraft:quartz_block":18,"minecraft:red_wool":11,"minecraft:soul_sand":2,"minecraft:polished_granite":2,"minecraft:crafting_table":3,"minecraft:torch":3,"minecraft:calcite":3,"minecraft:polished_andesite_stairs":1,"minecraft:chest":1,"minecraft:rose_bush":3,"minecraft:lectern":1,"minecraft:cobblestone":5,"minecraft:oak_planks":5,"minecraft:wall_torch":5,"minecraft:amethyst_block":5,"minecraft:lilac":4,"minecraft:grass":23,"minecraft:black_wool":6,"minecraft:coal_ore":31,"minecraft:oak_log":10,"minecraft:sunflower":4,"minecraft:dripstone_block":1,"minecraft:smooth_quartz":2,"minecraft:dirt":4,"minecraft:cracked_stone_bricks":13,"minecraft:smooth_basalt":4,"minecraft:polished_andesite":25,"minecraft:stone_bricks":1,"minecraft:mossy_stone_bricks":13,"minecraft:oak_leaves":13},"minecraft:killed_by":{"minecraft:wither_skeleton":1,"born_in_chaos_v1:nightmare_stalker":1,"minecraft:skeleton":1}},"DataVersion":3120}