{"stats":{"minecraft:broken":{"magistuarmory:rusted_heavymace":1,"minecraft:shield":1,"minecraft:iron_sword":1,"minecraft:wooden_axe":1},"minecraft:custom":{"minecraft:mob_kills":90,"minecraft:interact_with_crafting_table":14,"minecraft:open_barrel":11,"minecraft:damage_dealt_resisted":918,"minecraft:leave_game":2,"minecraft:time_since_death":55114,"minecraft:climb_one_cm":11443,"minecraft:sprint_one_cm":630722,"minecraft:walk_one_cm":550766,"minecraft:damage_blocked_by_shield":4428,"minecraft:drop":69,"minecraft:play_time":157349,"minecraft:deaths":3,"minecraft:sneak_time":10294,"minecraft:walk_under_water_one_cm":263,"minecraft:jump":2701,"minecraft:walk_on_water_one_cm":2767,"minecraft:total_world_time":157349,"minecraft:interact_with_furnace":17,"minecraft:interact_with_cartography_table":2,"minecraft:time_since_rest":54872,"minecraft:damage_taken":5426,"minecraft:damage_absorbed":149,"minecraft:damage_dealt":15869,"minecraft:fly_one_cm":381755,"minecraft:open_chest":134,"minecraft:crouch_one_cm":31531,"tombstone:undead_killed":50,"minecraft:interact_with_smoker":14,"minecraft:fall_one_cm":67962},"minecraft:dropped":{"minecraft:golden_boots":1,"minecraft:iron_ingot":2,"minecraft:bread":1,"minecraft:iron_sword":1,"minecraft:porkchop":1,"minecraft:wheat_seeds":1,"minecraft:golden_helmet":1,"evilcraft:condensed_blood":51,"minecraft:cobblestone":12,"minecraft:apple":1,"minecraft:chainmail_helmet":1,"minecraft:stick":10,"minecraft:dirt":15,"tombstone:bag_of_seeds":1,"minecraft:gray_wool":1,"minecraft:torch":19,"minecraft:wooden_axe":2,"minecraft:potion":2,"minecraft:iron_pickaxe":2,"minecraft:string":5,"minecraft:white_wool":1,"minecraft:gravel":1,"minecraft:rotten_flesh":26,"minecraft:oak_planks":28,"minecraft:cooked_mutton":12,"evilcraft:flesh_humanoid":1,"minecraft:chainmail_chestplate":1,"minecraft:black_glazed_terracotta":1,"minecraft:shield":1,"minecraft:bundle":1,"born_in_chaos_v1:diamond_termite_shard":3,"born_in_chaos_v1:corpse_maggot":9,"minecraft:mossy_stone_bricks":2,"minecraft:bamboo":1,"minecraft:golden_leggings":1,"minecraft:chainmail_boots":1,"magistuarmory:rustedchainmail_chestplate":1,"minecraft:spider_eye":1,"minecraft:iron_bars":2,"minecraft:calcite":1,"minecraft:black_wool":1,"minecraft:lectern":1},"minecraft:used":{"minecraft:iron_bars":2,"magistuarmory:rusted_heavymace":6,"minecraft:chest":3,"minecraft:shield":71,"minecraft:iron_sword":286,"minecraft:torch":96,"minecraft:dirt":22,"minecraft:soul_sand":1,"scalinghealth:heart_crystal":8,"minecraft:chainmail_chestplate":1,"minecraft:carrot":27,"minecraft:wooden_axe":47,"born_in_chaos_v1:smoked_flesh":6,"tombstone:tablet_of_cupidity":2,"minecraft:stone_bricks":2,"minecraft:furnace":1,"minecraft:cooked_beef":3,"minecraft:potato":3,"minecraft:golden_boots":1,"minecraft:cooked_mutton":6,"minecraft:mossy_stone_bricks":3,"minecraft:polished_andesite":2,"minecraft:stone_pickaxe":74,"minecraft:baked_potato":9,"minecraft:wooden_pickaxe":2,"minecraft:chainmail_helmet":1,"minecraft:diamond_axe":1,"minecraft:cracked_stone_bricks":5,"minecraft:white_wool":1,"minecraft:mossy_cobblestone":2,"minecraft:golden_apple":5,"minecraft:crafting_table":4,"minecraft:white_bed":2,"minecraft:smoker":1,"minecraft:apple":8,"scalinghealth:enchanted_heart":1,"minecraft:melon_slice":3,"minecraft:bread":12,"minecraft:iron_pickaxe":504,"minecraft:stone_axe":40,"minecraft:diamond_sword":15,"minecraft:cobblestone":12,"minecraft:andesite":4,"minecraft:porkchop":1,"alexsmobs:animal_dictionary":2,"minecraft:experience_bottle":10},"minecraft:picked_up":{"minecraft:wooden_axe":2,"born_in_chaos_v1:diamond_termite_shard":4,"minecraft:crafting_table":3,"minecraft:black_carpet":4,"minecraft:flower_pot":1,"minecraft:chainmail_boots":2,"minecraft:string":9,"minecraft:red_nether_bricks":1,"minecraft:cracked_stone_bricks":6,"minecraft:black_glazed_terracotta":1,"minecraft:calcite":1,"minecraft:iron_pickaxe":1,"minecraft:lectern":1,"minecraft:coal_block":1,"minecraft:chest":2,"minecraft:golden_helmet":1,"minecraft:tipped_arrow":1,"minecraft:raw_iron":10,"magistuarmory:rustedbarbute":1,"minecraft:torch":45,"minecraft:porkchop":2,"magistuarmory:rusted_heavymace":1,"tombstone:grave_dust":5,"born_in_chaos_v1:pieceofdarkmetal":1,"minecraft:carrot":1,"minecraft:quartz_block":4,"minecraft:arrow":24,"minecraft:rotten_flesh":35,"minecraft:nether_bricks":1,"minecraft:gold_ingot":3,"evilcraft:condensed_blood":122,"minecraft:mutton":6,"minecraft:iron_bars":17,"minecraft:white_wool":5,"minecraft:cobblestone":44,"born_in_chaos_v1:corpse_maggot":9,"minecraft:andesite":4,"ancient_elements:iron_hammer":1,"minecraft:smoker":1,"minecraft:potato":6,"create:raw_zinc":1,"evilcraft:flesh_humanoid":1,"minecraft:oak_log":10,"minecraft:chainmail_chestplate":1,"scalinghealth:heart_crystal":7,"minecraft:dirt":47,"minecraft:cooked_mutton":12,"minecraft:red_carpet":4,"minecraft:bone":21,"minecraft:stone_bricks":3,"minecraft:bow":1,"minecraft:wheat_seeds":2,"minecraft:iron_ingot":4,"scalinghealth:power_crystal_shard":2,"tombstone:bag_of_seeds":1,"minecraft:mossy_stone_bricks":5,"minecraft:bamboo":1,"minecraft:oak_planks":50,"minecraft:mossy_stone_brick_stairs":3,"minecraft:soul_sand":1,"minecraft:iron_sword":2,"minecraft:book":45,"minecraft:red_wool":9,"minecraft:gravel":5,"scalinghealth:enchanted_heart":1,"minecraft:white_bed":1,"magistuarmory:rustedchainmail_leggings":1,"minecraft:spider_eye":2,"minecraft:mossy_cobblestone":9,"minecraft:bundle":1,"minecraft:polished_andesite":2,"minecraft:pumpkin_seeds":1,"magistuarmory:corruptedroundshield":1,"minecraft:granite":193,"minecraft:golden_apple":1,"minecraft:gray_wool":1,"minecraft:bread":11,"minecraft:black_wool":9,"minecraft:coal":31},"minecraft:crafted":{"minecraft:wooden_sword":1,"minecraft:oak_planks":40,"minecraft:coal":9,"minecraft:furnace":1,"minecraft:cooked_mutton":7,"minecraft:chest":1,"minecraft:cooked_cod":9,"minecraft:diamond_axe":1,"minecraft:crafting_table":2,"minecraft:wooden_pickaxe":1,"minecraft:baked_potato":6,"minecraft:air":0,"minecraft:shield":1,"minecraft:stick":12,"born_in_chaos_v1:smoked_flesh":6,"minecraft:wooden_axe":1,"minecraft:black_carpet":12,"minecraft:white_bed":1,"minecraft:torch":24},"minecraft:killed":{"minecraft:cave_spider":5,"graveyard:skeleton_creeper":1,"born_in_chaos_v1:zombie_lumberjack":1,"born_in_chaos_v1:restless_spirit":1,"born_in_chaos_v1:skeleton_demoman":1,"graveyard:revenant":1,"minecraft:spider":5,"born_in_chaos_v1:maggot":6,"minecraft:skeleton":11,"minecraft:silverfish":2,"minecraft:pig":1,"born_in_chaos_v1:diamond_termite":4,"born_in_chaos_v1:baby_skeleton":1,"minecraft:creeper":1,"born_in_chaos_v1:decrepit_skeleton":3,"minecraft:sheep":6,"royalvariations:royal_zombie":2,"minecraft:zombie":19,"born_in_chaos_v1:corpse_fly":5,"born_in_chaos_v1:nightmare_stalker":1,"minecraft:stray":7,"born_in_chaos_v1:door_knight":1,"minecraft:wither_skeleton":2},"minecraft:mined":{"create:zinc_ore":1,"minecraft:red_carpet":2,"minecraft:white_bed":1,"minecraft:spruce_planks":1,"minecraft:mossy_cobblestone":13,"minecraft:cobbled_deepslate_stairs":1,"minecraft:andesite_stairs":1,"minecraft:sculk_vein":2,"minecraft:red_nether_bricks":1,"minecraft:nether_bricks":5,"minecraft:granite":196,"minecraft:budding_amethyst":1,"minecraft:grass_block":16,"minecraft:coal_block":1,"minecraft:potted_bamboo":1,"biomesoplenty:dead_grass":4,"minecraft:spawner":21,"minecraft:sculk_catalyst":1,"minecraft:mossy_cobblestone_stairs":5,"minecraft:black_glazed_terracotta":1,"minecraft:iron_ore":8,"minecraft:andesite":5,"minecraft:mossy_stone_brick_stairs":4,"minecraft:bookshelf":16,"minecraft:potatoes":1,"minecraft:deepslate_iron_ore":2,"minecraft:vine":7,"minecraft:iron_bars":27,"biomesoplenty:webbing":9,"minecraft:deepslate_brick_stairs":1,"create:veridium":8,"minecraft:stone":80,"minecraft:white_wool":1,"minecraft:quartz_block":18,"minecraft:red_wool":11,"minecraft:soul_sand":2,"minecraft:smoker":1,"minecraft:polished_granite":2,"born_in_chaos_v1:infected_deepslate_diamond_ore":1,"minecraft:crafting_table":3,"minecraft:torch":5,"minecraft:calcite":3,"minecraft:polished_andesite_stairs":1,"minecraft:chest":1,"minecraft:rose_bush":3,"minecraft:sculk_sensor":1,"minecraft:lectern":1,"minecraft:cobblestone":5,"minecraft:sculk":55,"minecraft:oak_planks":7,"minecraft:wall_torch":8,"minecraft:amethyst_block":5,"minecraft:lilac":4,"minecraft:grass":60,"minecraft:black_wool":6,"minecraft:coal_ore":31,"minecraft:oak_log":10,"minecraft:gravel":5,"minecraft:sunflower":4,"minecraft:dripstone_block":1,"minecraft:smooth_quartz":2,"minecraft:dirt":22,"minecraft:cracked_stone_bricks":16,"minecraft:smooth_basalt":10,"minecraft:polished_andesite":25,"minecraft:stone_bricks":4,"minecraft:mossy_stone_bricks":13,"minecraft:deepslate":2,"minecraft:oak_leaves":13},"minecraft:killed_by":{"minecraft:wither_skeleton":1,"born_in_chaos_v1:nightmare_stalker":1,"minecraft:skeleton":1}},"DataVersion":3120}