{"stats":{"minecraft:mined":{"minecraft:dark_oak_planks":1,"minecraft:tuff":15,"minecraft:spruce_planks":4,"biomesoplenty:cherry_log":4,"ancient_elements:lead_ore":4,"minecraft:mossy_cobblestone":2,"minecraft:deepslate_diamond_ore":31,"minecraft:sculk_vein":2,"minecraft:nether_bricks":2,"minecraft:cobbled_deepslate_slab":1,"minecraft:grass_block":83,"minecraft:spruce_leaves":35,"minecraft:chiseled_stone_bricks":2,"minecraft:spawner":14,"minecraft:iron_ore":8,"minecraft:barrel":4,"minecraft:cobbled_deepslate":37,"minecraft:andesite":6,"ancient_elements:tin_ore":11,"minecraft:black_carpet":1,"minecraft:enchanting_table":1,"minecraft:vine":12,"biomesoplenty:webbing":5,"minecraft:iron_bars":4,"scalinghealth:deepslate_power_crystal_ore":6,"minecraft:stone":90,"biomesoplenty:spider_egg":1,"scalinghealth:heart_crystal_ore":1,"minecraft:red_wool":1,"minecraft:quartz_block":18,"minecraft:powder_snow":74,"minecraft:torch":1,"minecraft:crafting_table":6,"minecraft:calcite":1,"minecraft:chest":2,"minecraft:stone_slab":1,"ancient_elements:deepslate_tin_ore":2,"minecraft:tall_grass":2,"minecraft:cobblestone":9,"minecraft:deepslate_gold_ore":2,"minecraft:lapis_ore":5,"minecraft:blue_bed":1,"minecraft:sculk":6,"minecraft:wall_torch":1,"minecraft:diorite":3,"minecraft:lime_bed":4,"minecraft:coarse_dirt":1,"evilcraft:dark_ore_deepslate":10,"minecraft:lilac":3,"minecraft:spruce_log":20,"biomesoplenty:umbran_log":3,"minecraft:black_wool":12,"minecraft:grass":8,"minecraft:coal_ore":7,"evilcraft:blood_stain":1,"minecraft:gravel":69,"minecraft:sand":35,"minecraft:dirt":71,"biomesoplenty:umbran_leaves":6,"minecraft:cobweb":1,"minecraft:cracked_stone_bricks":2,"minecraft:stone_bricks":2,"minecraft:mossy_stone_bricks":4,"minecraft:oak_leaves":1,"minecraft:deepslate":296,"minecraft:infested_stone":1},"minecraft:crafted":{"evilcraft:dark_spike":16,"minecraft:wooden_sword":1,"minecraft:cobbled_deepslate_slab":126,"biomesoplenty:cherry_planks":16,"minecraft:iron_nugget":9,"minecraft:cooked_chicken":4,"minecraft:furnace":2,"minecraft:cooked_mutton":5,"minecraft:glass":17,"minecraft:lantern":1,"travelersbackpack:white_sleeping_bag":1,"minecraft:diamond_helmet":1,"minecraft:diamond_leggings":1,"minecraft:leather":2,"evilcraft:blood_extractor":5,"minecraft:iron_axe":1,"minecraft:chest":7,"minecraft:cobbled_deepslate_stairs":4,"scalinghealth:power_crystal":1,"minecraft:cooked_beef":2,"biomesoplenty:umbran_planks":8,"minecraft:cooked_cod":5,"evilcraft:dark_tank":4,"minecraft:crafting_table":6,"travelersbackpack:standard":1,"minecraft:spruce_planks":72,"travelersbackpack:backpack_tank":2,"minecraft:baked_potato":6,"minecraft:wooden_pickaxe":1,"minecraft:iron_sword":1,"minecraft:air":0,"minecraft:white_wool":5,"mining_helmet:mining_helmet":1,"minecraft:stick":24,"born_in_chaos_v1:smoked_flesh":9,"minecraft:iron_ingot":6,"minecraft:iron_pickaxe":1,"minecraft:wooden_axe":1,"minecraft:iron_leggings":1,"minecraft:gold_ingot":6,"ancient_elements:iron_hammer":3,"minecraft:black_bed":1,"minecraft:torch":16,"minecraft:diamond_chestplate":1},"minecraft:custom":{"minecraft:mob_kills":109,"minecraft:interact_with_crafting_table":64,"minecraft:open_barrel":44,"minecraft:damage_dealt_resisted":147,"minecraft:leave_game":6,"minecraft:time_since_death":46345,"minecraft:climb_one_cm":9748,"minecraft:sprint_one_cm":1122207,"minecraft:walk_one_cm":742768,"minecraft:damage_blocked_by_shield":232,"minecraft:drop":34,"minecraft:talked_to_villager":1,"minecraft:play_time":323123,"minecraft:sneak_time":15439,"minecraft:deaths":12,"minecraft:walk_under_water_one_cm":8169,"minecraft:jump":5019,"minecraft:walk_on_water_one_cm":19067,"minecraft:total_world_time":323123,"minecraft:interact_with_furnace":28,"minecraft:interact_with_cartography_table":4,"minecraft:sleep_in_bed":3,"minecraft:time_since_rest":6661,"minecraft:damage_taken":13345,"minecraft:damage_absorbed":478,"minecraft:damage_dealt":17904,"minecraft:swim_one_cm":11712,"minecraft:fly_one_cm":823947,"minecraft:open_chest":177,"minecraft:crouch_one_cm":62746,"tombstone:undead_killed":38,"minecraft:fall_one_cm":160238,"minecraft:interact_with_smoker":20},"minecraft:killed":{"born_in_chaos_v1:zombie_clown":1,"minecraft:cave_spider":13,"born_in_chaos_v1:restless_spirit":1,"minecraft:spider":6,"born_in_chaos_v1:scarlet_persecutor":3,"born_in_chaos_v1:maggot":4,"minecraft:skeleton":5,"minecraft:chicken":4,"graveyard:reaper":1,"minecraft:silverfish":5,"artifacts:mimic":1,"born_in_chaos_v1:fallen_chaos_knight":1,"minecraft:pig":1,"graveyard:ghoul":1,"minecraft:zombie_villager":1,"born_in_chaos_v1:baby_skeleton":3,"born_in_chaos_v1:swarmer":1,"minecraft:creeper":1,"born_in_chaos_v1:decrepit_skeleton":3,"minecraft:sheep":5,"royalvariations:royal_zombie":2,"minecraft:zombie":15,"born_in_chaos_v1:dread_hound":1,"born_in_chaos_v1:corpse_fly":5,"minecraft:stray":4,"mutantmonsters:mutant_creeper":1,"born_in_chaos_v1:door_knight":1,"minecraft:cow":12},"minecraft:used":{"minecraft:iron_shovel":194,"born_in_chaos_v1:intoxicating_decoction":1,"minecraft:chest":5,"minecraft:spruce_planks":3,"minecraft:shield":16,"magistuarmory:rustednorman_helmet":1,"minecraft:iron_sword":205,"minecraft:rotten_flesh":5,"minecraft:cooked_chicken":4,"minecraft:torch":63,"scalinghealth:heart_crystal":5,"minecraft:dirt":204,"biomesoplenty:umbran_log":1,"minecraft:nether_bricks":4,"minecraft:wooden_axe":8,"born_in_chaos_v1:smoked_flesh":9,"biomesoplenty:cherry_planks":1,"minecraft:iron_axe":110,"minecraft:iron_boots":1,"scalinghealth:power_crystal":1,"minecraft:barrel":4,"minecraft:golden_carrot":18,"minecraft:furnace":2,"minecraft:cooked_cod":5,"tombstone:gift":8,"minecraft:cooked_beef":14,"minecraft:cobbled_deepslate":508,"minecraft:cooked_mutton":5,"minecraft:baked_potato":7,"minecraft:blue_bed":1,"minecraft:wooden_pickaxe":21,"ancient_elements:iron_hammer":283,"minecraft:ender_pearl":3,"minecraft:golden_apple":5,"minecraft:sand":1,"minecraft:lime_bed":3,"minecraft:crafting_table":11,"minecraft:cobbled_deepslate_stairs":4,"tombstone:bag_of_seeds":4,"minecraft:apple":1,"scalinghealth:enchanted_heart":1,"minecraft:iron_pickaxe":380,"tombstone:grave_key":3,"minecraft:melon_slice":2,"minecraft:bread":11,"minecraft:gravel":13,"minecraft:golden_helmet":1,"minecraft:diamond_sword":84,"minecraft:wooden_sword":49,"minecraft:potion":4,"minecraft:cobblestone":13,"minecraft:cobbled_deepslate_slab":124,"travelersbackpack:standard":1,"minecraft:coarse_dirt":1},"minecraft:dropped":{"biomesoplenty:umbran_planks":1,"minecraft:iron_sword":2,"minecraft:porkchop":2,"minecraft:golden_helmet":1,"minecraft:mossy_cobblestone":1,"minecraft:glass_bottle":1,"minecraft:diamond":20,"minecraft:cobblestone":16,"minecraft:leather":4,"ancient_elements:iron_hammer":1,"evilcraft:dark_gem":3,"minecraft:saddle":1,"graveyard:corruption":1,"minecraft:leather_helmet":1,"minecraft:golden_apple":2,"minecraft:torch":7,"minecraft:wooden_axe":1,"tombstone:grave_dust":1,"minecraft:bone":4,"minecraft:rotten_flesh":5,"minecraft:chiseled_stone_bricks":1,"minecraft:tipped_arrow":1,"minecraft:shield":1,"minecraft:golden_leggings":1,"minecraft:chest":2,"minecraft:slime_ball":2,"scalinghealth:enchanted_heart":1},"minecraft:broken":{"ancient_elements:iron_hammer":1,"mining_helmet:mining_helmet":1,"minecraft:wooden_sword":1,"minecraft:iron_sword":1,"magistuarmory:rustednorman_helmet":1,"magistuarmory:rustedhalfarmor_chestplate":1},"minecraft:picked_up":{"minecraft:wooden_axe":1,"minecraft:coarse_dirt":1,"minecraft:crafting_table":6,"born_in_chaos_v1:diamond_termite_shard":1,"minecraft:black_carpet":3,"artifacts:night_vision_goggles":1,"minecraft:chicken":4,"minecraft:enchanted_book":2,"minecraft:potion":3,"minecraft:shield":2,"minecraft:string":17,"born_in_chaos_v1:intoxicating_decoction":1,"minecraft:iron_shovel":1,"graveyard:corruption":1,"minecraft:cracked_stone_bricks":2,"minecraft:cobbled_deepslate":2073,"minecraft:black_glazed_terracotta":1,"minecraft:spruce_planks":4,"minecraft:beef":3,"minecraft:calcite":1,"minecraft:chest":3,"neapolitan:strawberry_pips":3,"minecraft:egg":1,"minecraft:tipped_arrow":4,"minecraft:golden_helmet":1,"minecraft:raw_iron":14,"minecraft:stick":10,"ancient_elements:raw_steel":8,"born_in_chaos_v1:shattered_skull":1,"minecraft:porkchop":2,"minecraft:torch":6,"magistuarmory:rustedbarbute":1,"born_in_chaos_v1:charmof_endurance":1,"ancient_elements:raw_tin":27,"tombstone:grave_dust":9,"born_in_chaos_v1:pieceofdarkmetal":9,"minecraft:redstone":57,"minecraft:dark_oak_planks":1,"minecraft:quartz_block":6,"minecraft:arrow":10,"minecraft:rotten_flesh":49,"minecraft:nether_bricks":6,"minecraft:saddle":2,"tombstone:essence_of_undeath":3,"minecraft:mutton":6,"minecraft:iron_bars":13,"minecraft:white_wool":4,"minecraft:cobblestone":58,"minecraft:enchanting_table":1,"minecraft:lime_bed":4,"born_in_chaos_v1:corpse_maggot":10,"minecraft:feather":6,"magistuarmory:rustedhalfarmor_chestplate":1,"minecraft:cooked_beef":4,"born_in_chaos_v1:monster_flesh":1,"minecraft:glow_ink_sac":4,"minecraft:leather":11,"minecraft:golden_leggings":1,"minecraft:potato":4,"royalvariations:spiritual_crown_shard":1,"minecraft:flint":6,"ancient_elements:raw_lead":3,"minecraft:tuff":316,"minecraft:gunpowder":10,"scalinghealth:heart_crystal":5,"minecraft:lapis_lazuli":45,"minecraft:blue_bed":1,"minecraft:dirt":186,"minecraft:paper":9,"tombstone:gift":1,"born_in_chaos_v1:monster_skin":1,"minecraft:bone":23,"minecraft:apple":1,"minecraft:stone_bricks":1,"minecraft:bow":1,"minecraft:wheat_seeds":3,"minecraft:raw_gold":6,"minecraft:cobbled_deepslate_slab":2,"minecraft:iron_ingot":3,"minecraft:diamond_helmet":1,"scalinghealth:power_crystal_shard":10,"tombstone:bag_of_seeds":2,"minecraft:mossy_stone_bricks":3,"minecraft:bamboo":1,"minecraft:glass_bottle":1,"biomesoplenty:cherry_log":4,"minecraft:iron_sword":1,"biomesoplenty:umbran_log":3,"minecraft:polished_andesite_stairs":1,"scalinghealth:heart_crystal_shard":4,"minecraft:chiseled_stone_bricks":3,"minecraft:red_wool":3,"born_in_chaos_v1:ethereal_spirit":6,"minecraft:gravel":47,"evilcraft:dark_gem_crushed":20,"minecraft:sand":36,"magistuarmory:rustednorman_helmet":2,"orcz:orcamanita":1,"minecraft:spider_eye":8,"minecraft:mossy_cobblestone":3,"minecraft:spruce_log":18,"magistuarmory:rustedgreathelm":1,"minecraft:barrel":4,"minecraft:leather_helmet":2,"minecraft:bundle":1,"minecraft:slime_ball":4,"minecraft:diamond":63,"magistuarmory:rusted_bastardsword":1,"evilcraft:dark_gem":65,"minecraft:granite":3,"minecraft:golden_apple":2,"minecraft:mossy_cobblestone_stairs":1,"minecraft:oak_sapling":1,"minecraft:melon_seeds":4,"minecraft:black_wool":10,"minecraft:coal":11},"minecraft:killed_by":{"minecraft:wither_skeleton":2,"minecraft:spider":1,"born_in_chaos_v1:swarmer":1,"mutantmonsters:mutant_creeper":1,"minecraft:warden":1,"minecraft:cave_spider":1,"minecraft:skeleton":1,"royalvariations:royal_zombie":1,"orcz:orcsavageweird":2}},"DataVersion":3120}