{"stats":{"minecraft:broken":{"minecraft:wooden_sword":1,"magistuarmory:rustedhalfarmor_chestplate":1},"minecraft:custom":{"minecraft:mob_kills":55,"minecraft:interact_with_crafting_table":21,"minecraft:leave_game":1,"minecraft:time_since_death":20501,"minecraft:climb_one_cm":8503,"minecraft:sprint_one_cm":491453,"minecraft:walk_one_cm":338809,"minecraft:damage_blocked_by_shield":232,"minecraft:drop":20,"minecraft:play_time":120136,"minecraft:deaths":5,"minecraft:sneak_time":1576,"minecraft:walk_under_water_one_cm":463,"minecraft:jump":1469,"minecraft:walk_on_water_one_cm":8839,"minecraft:total_world_time":120136,"minecraft:interact_with_furnace":12,"minecraft:time_since_rest":20257,"minecraft:damage_taken":7260,"minecraft:damage_absorbed":478,"minecraft:damage_dealt":6816,"minecraft:swim_one_cm":1683,"minecraft:fly_one_cm":235901,"minecraft:open_chest":126,"minecraft:crouch_one_cm":8362,"tombstone:undead_killed":21,"minecraft:fall_one_cm":55353},"minecraft:dropped":{"minecraft:iron_sword":1,"minecraft:golden_helmet":1,"minecraft:mossy_cobblestone":1,"minecraft:glass_bottle":1,"graveyard:corruption":1,"minecraft:leather_helmet":1,"minecraft:golden_apple":2,"minecraft:torch":7,"minecraft:wooden_axe":1,"tombstone:grave_dust":1,"minecraft:bone":4,"minecraft:chiseled_stone_bricks":1,"minecraft:tipped_arrow":1,"minecraft:shield":1,"minecraft:chest":2,"minecraft:golden_leggings":1,"minecraft:slime_ball":2,"scalinghealth:enchanted_heart":1},"minecraft:used":{"minecraft:spruce_planks":2,"minecraft:chest":2,"minecraft:shield":16,"minecraft:iron_sword":69,"minecraft:torch":48,"minecraft:dirt":7,"biomesoplenty:umbran_log":1,"scalinghealth:heart_crystal":3,"minecraft:nether_bricks":4,"minecraft:wooden_axe":8,"minecraft:iron_boots":1,"minecraft:golden_carrot":7,"minecraft:furnace":1,"tombstone:gift":5,"minecraft:cooked_beef":14,"minecraft:baked_potato":7,"minecraft:wooden_pickaxe":21,"minecraft:golden_apple":5,"minecraft:crafting_table":7,"tombstone:bag_of_seeds":4,"minecraft:apple":1,"scalinghealth:enchanted_heart":1,"minecraft:melon_slice":2,"minecraft:bread":5,"minecraft:iron_pickaxe":118,"minecraft:golden_helmet":1,"minecraft:diamond_sword":84,"minecraft:wooden_sword":49,"minecraft:cobblestone":6,"minecraft:potion":4},"minecraft:picked_up":{"minecraft:wooden_axe":1,"minecraft:crafting_table":5,"minecraft:black_carpet":3,"minecraft:potion":3,"minecraft:shield":2,"minecraft:string":14,"minecraft:iron_shovel":1,"graveyard:corruption":1,"minecraft:cracked_stone_bricks":2,"minecraft:black_glazed_terracotta":1,"minecraft:beef":3,"minecraft:chest":1,"neapolitan:strawberry_pips":3,"minecraft:golden_helmet":1,"minecraft:tipped_arrow":4,"minecraft:raw_iron":14,"born_in_chaos_v1:shattered_skull":1,"minecraft:torch":2,"magistuarmory:rustedbarbute":1,"ancient_elements:raw_tin":13,"tombstone:grave_dust":6,"minecraft:dark_oak_planks":1,"minecraft:quartz_block":6,"minecraft:arrow":5,"minecraft:rotten_flesh":22,"minecraft:nether_bricks":6,"tombstone:essence_of_undeath":1,"minecraft:iron_bars":13,"minecraft:cobblestone":25,"minecraft:enchanting_table":1,"born_in_chaos_v1:corpse_maggot":10,"magistuarmory:rustedhalfarmor_chestplate":1,"minecraft:cooked_beef":4,"minecraft:golden_leggings":1,"minecraft:leather":5,"minecraft:potato":1,"ancient_elements:raw_lead":3,"minecraft:gunpowder":10,"scalinghealth:heart_crystal":3,"minecraft:dirt":7,"minecraft:lapis_lazuli":45,"minecraft:paper":9,"minecraft:bone":17,"minecraft:apple":1,"minecraft:stone_bricks":1,"minecraft:bow":1,"tombstone:bag_of_seeds":2,"minecraft:mossy_stone_bricks":3,"minecraft:glass_bottle":1,"biomesoplenty:umbran_log":3,"minecraft:polished_andesite_stairs":1,"scalinghealth:heart_crystal_shard":4,"minecraft:chiseled_stone_bricks":3,"minecraft:red_wool":3,"minecraft:spruce_log":7,"minecraft:spider_eye":6,"minecraft:leather_helmet":2,"minecraft:mossy_cobblestone":3,"minecraft:bundle":1,"minecraft:slime_ball":4,"magistuarmory:rusted_bastardsword":1,"minecraft:golden_apple":2,"minecraft:mossy_cobblestone_stairs":1,"minecraft:melon_seeds":4,"minecraft:black_wool":10,"minecraft:coal":11},"minecraft:crafted":{"minecraft:wooden_sword":1,"minecraft:iron_nugget":9,"minecraft:furnace":1,"minecraft:lantern":1,"minecraft:chest":4,"minecraft:cooked_beef":2,"biomesoplenty:umbran_planks":8,"minecraft:crafting_table":3,"minecraft:spruce_planks":28,"minecraft:wooden_pickaxe":1,"minecraft:baked_potato":6,"minecraft:iron_sword":1,"minecraft:air":0,"minecraft:white_wool":5,"mining_helmet:mining_helmet":1,"minecraft:stick":20,"minecraft:iron_ingot":6,"minecraft:wooden_axe":1,"minecraft:iron_leggings":1,"minecraft:black_bed":1,"minecraft:torch":16},"minecraft:killed":{"minecraft:cave_spider":9,"minecraft:spider":5,"born_in_chaos_v1:maggot":3,"minecraft:skeleton":5,"graveyard:reaper":1,"minecraft:silverfish":3,"graveyard:ghoul":1,"minecraft:zombie_villager":1,"born_in_chaos_v1:baby_skeleton":1,"born_in_chaos_v1:swarmer":1,"born_in_chaos_v1:decrepit_skeleton":1,"minecraft:sheep":1,"minecraft:zombie":7,"born_in_chaos_v1:corpse_fly":5,"minecraft:stray":4,"minecraft:cow":5},"minecraft:mined":{"minecraft:dark_oak_planks":1,"minecraft:mossy_cobblestone":2,"ancient_elements:lead_ore":2,"minecraft:nether_bricks":2,"minecraft:chiseled_stone_bricks":2,"minecraft:spawner":12,"minecraft:iron_ore":7,"ancient_elements:tin_ore":7,"minecraft:black_carpet":1,"minecraft:enchanting_table":1,"minecraft:vine":12,"minecraft:iron_bars":4,"biomesoplenty:webbing":5,"minecraft:stone":27,"biomesoplenty:spider_egg":1,"scalinghealth:heart_crystal_ore":1,"minecraft:quartz_block":18,"minecraft:red_wool":1,"minecraft:crafting_table":5,"minecraft:torch":1,"minecraft:stone_slab":1,"minecraft:cobblestone":7,"minecraft:lapis_ore":5,"minecraft:diorite":3,"minecraft:lilac":3,"minecraft:spruce_log":7,"biomesoplenty:umbran_log":3,"minecraft:grass":3,"minecraft:black_wool":12,"minecraft:coal_ore":7,"minecraft:dirt":7,"biomesoplenty:umbran_leaves":6,"minecraft:cobweb":1,"minecraft:cracked_stone_bricks":2,"minecraft:stone_bricks":2,"minecraft:mossy_stone_bricks":4,"minecraft:oak_leaves":1},"minecraft:killed_by":{"minecraft:wither_skeleton":1,"born_in_chaos_v1:swarmer":1,"minecraft:skeleton":1,"orcz:orcsavageweird":2}},"DataVersion":3120}