{"stats":{"minecraft:mined":{"minecraft:dark_oak_planks":1,"minecraft:spruce_planks":4,"biomesoplenty:cherry_log":4,"minecraft:sculk_vein":2,"minecraft:granite":1,"minecraft:grass_block":83,"minecraft:chiseled_stone_bricks":2,"minecraft:spawner":14,"minecraft:cobbled_deepslate":39,"minecraft:iron_ore":8,"minecraft:barrel":4,"minecraft:black_carpet":1,"ancient_elements:tin_ore":11,"minecraft:enchanting_table":1,"scalinghealth:deepslate_power_crystal_ore":6,"minecraft:iron_bars":5,"biomesoplenty:webbing":5,"minecraft:spruce_pressure_plate":1,"minecraft:quartz_block":18,"minecraft:powder_snow":74,"minecraft:torch":1,"minecraft:calcite":1,"minecraft:chest":2,"ancient_elements:deepslate_tin_ore":2,"minecraft:cobblestone":11,"minecraft:wall_torch":1,"evilcraft:dark_ore_deepslate":10,"minecraft:lilac":3,"minecraft:tnt":1,"biomesoplenty:umbran_log":3,"minecraft:grass":8,"minecraft:sand":35,"minecraft:dirt":73,"biomesoplenty:umbran_leaves":6,"minecraft:oak_leaves":1,"minecraft:deepslate":296,"minecraft:tuff":15,"minecraft:mossy_cobblestone":2,"ancient_elements:lead_ore":4,"minecraft:deepslate_diamond_ore":31,"minecraft:nether_bricks":2,"minecraft:cobbled_deepslate_slab":1,"minecraft:spruce_leaves":35,"minecraft:andesite":6,"minecraft:bookshelf":6,"minecraft:vine":12,"biomesoplenty:spider_egg":1,"minecraft:stone":90,"scalinghealth:heart_crystal_ore":1,"minecraft:red_wool":1,"minecraft:crafting_table":6,"minecraft:stone_slab":1,"minecraft:tall_grass":2,"minecraft:lapis_ore":5,"minecraft:deepslate_gold_ore":2,"minecraft:sculk":6,"minecraft:diorite":3,"minecraft:blue_bed":1,"minecraft:lime_bed":4,"minecraft:coarse_dirt":1,"minecraft:spruce_log":20,"minecraft:black_wool":12,"minecraft:coal_ore":7,"evilcraft:blood_stain":1,"minecraft:gravel":69,"minecraft:cobweb":1,"minecraft:cracked_stone_bricks":2,"minecraft:stone_bricks":2,"minecraft:mossy_stone_bricks":4,"minecraft:infested_stone":1},"minecraft:crafted":{"biomesoplenty:cherry_planks":16,"minecraft:cooked_chicken":4,"minecraft:cooked_mutton":5,"minecraft:glass":35,"minecraft:diamond_helmet":1,"minecraft:diamond_leggings":1,"evilcraft:blood_extractor":5,"minecraft:chest":7,"scalinghealth:power_crystal":1,"minecraft:crafting_table":7,"minecraft:spruce_planks":72,"minecraft:wooden_pickaxe":1,"minecraft:baked_potato":6,"travelersbackpack:standard":1,"mining_helmet:mining_helmet":1,"minecraft:stick":24,"born_in_chaos_v1:smoked_flesh":9,"minecraft:iron_ingot":6,"minecraft:iron_pickaxe":1,"minecraft:gold_ingot":6,"minecraft:black_bed":1,"evilcraft:dark_spike":16,"minecraft:wooden_sword":1,"minecraft:cobbled_deepslate_slab":126,"minecraft:iron_nugget":9,"minecraft:furnace":2,"minecraft:lantern":1,"travelersbackpack:white_sleeping_bag":1,"minecraft:leather":2,"minecraft:iron_axe":1,"minecraft:cobbled_deepslate_stairs":4,"minecraft:cooked_beef":2,"biomesoplenty:umbran_planks":8,"minecraft:cooked_cod":5,"evilcraft:dark_tank":4,"travelersbackpack:backpack_tank":2,"minecraft:iron_sword":2,"minecraft:air":0,"minecraft:white_wool":5,"minecraft:wooden_axe":1,"minecraft:iron_leggings":1,"ancient_elements:iron_hammer":3,"minecraft:torch":16,"minecraft:diamond_chestplate":1},"minecraft:custom":{"minecraft:interact_with_crafting_table":69,"minecraft:open_barrel":44,"minecraft:leave_game":6,"minecraft:time_since_death":70345,"minecraft:sprint_one_cm":1225105,"minecraft:damage_blocked_by_shield":232,"minecraft:drop":34,"minecraft:talked_to_villager":1,"minecraft:play_time":347123,"minecraft:deaths":12,"minecraft:jump":5255,"minecraft:walk_on_water_one_cm":19067,"minecraft:interact_with_furnace":30,"minecraft:interact_with_cartography_table":4,"minecraft:sleep_in_bed":3,"minecraft:damage_dealt":20720,"minecraft:crouch_one_cm":63429,"tombstone:undead_killed":47,"minecraft:interact_with_smoker":20,"minecraft:mob_kills":127,"minecraft:damage_dealt_resisted":147,"minecraft:climb_one_cm":9748,"minecraft:walk_one_cm":812004,"minecraft:sneak_time":15631,"minecraft:walk_under_water_one_cm":8169,"minecraft:total_world_time":347123,"minecraft:time_since_rest":30661,"minecraft:damage_taken":14250,"minecraft:damage_absorbed":496,"minecraft:swim_one_cm":11712,"minecraft:fly_one_cm":865601,"minecraft:open_chest":216,"minecraft:fall_one_cm":167372},"minecraft:killed":{"born_in_chaos_v1:zombie_clown":1,"minecraft:cave_spider":13,"born_in_chaos_v1:restless_spirit":1,"minecraft:spider":6,"born_in_chaos_v1:scarlet_persecutor":3,"minecraft:skeleton":6,"graveyard:reaper":1,"minecraft:chicken":4,"minecraft:silverfish":5,"artifacts:mimic":1,"minecraft:pig":1,"minecraft:zombie_villager":1,"minecraft:creeper":1,"minecraft:sheep":5,"minecraft:zombie":22,"born_in_chaos_v1:dread_hound":1,"born_in_chaos_v1:corpse_fly":5,"minecraft:stray":4,"mutantmonsters:mutant_creeper":1,"born_in_chaos_v1:door_knight":1,"minecraft:cow":12,"born_in_chaos_v1:zombie_bruiser":1,"born_in_chaos_v1:maggot":8,"born_in_chaos_v1:fallen_chaos_knight":1,"graveyard:ghoul":1,"born_in_chaos_v1:baby_skeleton":3,"born_in_chaos_v1:swarmer":1,"born_in_chaos_v1:decrepit_skeleton":3,"royalvariations:royal_zombie":2},"minecraft:used":{"minecraft:iron_shovel":194,"born_in_chaos_v1:intoxicating_decoction":1,"minecraft:chest":6,"minecraft:shield":16,"magistuarmory:rustednorman_helmet":1,"minecraft:iron_sword":220,"minecraft:rotten_flesh":5,"biomesoplenty:umbran_log":1,"minecraft:nether_bricks":4,"born_in_chaos_v1:smoked_flesh":13,"biomesoplenty:cherry_planks":1,"minecraft:furnace":2,"minecraft:cooked_cod":5,"minecraft:ender_pearl":4,"minecraft:wooden_pickaxe":21,"minecraft:blue_bed":1,"minecraft:golden_apple":5,"minecraft:sand":1,"minecraft:cobbled_deepslate_stairs":4,"scalinghealth:enchanted_heart":1,"minecraft:bread":11,"minecraft:melon_slice":2,"tombstone:grave_key":3,"minecraft:gravel":13,"minecraft:golden_helmet":1,"minecraft:diamond_sword":84,"minecraft:wooden_sword":49,"minecraft:coarse_dirt":1,"minecraft:spruce_planks":5,"minecraft:cooked_chicken":4,"minecraft:torch":70,"minecraft:dirt":204,"scalinghealth:heart_crystal":6,"minecraft:wooden_axe":8,"minecraft:iron_axe":110,"minecraft:iron_boots":1,"scalinghealth:power_crystal":1,"minecraft:barrel":4,"minecraft:golden_carrot":18,"tombstone:gift":8,"minecraft:cooked_beef":15,"minecraft:cobbled_deepslate":510,"minecraft:cooked_mutton":5,"minecraft:baked_potato":10,"ancient_elements:iron_hammer":329,"minecraft:crafting_table":12,"minecraft:lime_bed":3,"tombstone:bag_of_seeds":4,"minecraft:apple":1,"minecraft:iron_pickaxe":394,"minecraft:cobblestone":13,"minecraft:potion":4,"travelersbackpack:standard":1,"minecraft:cobbled_deepslate_slab":124},"minecraft:dropped":{"biomesoplenty:umbran_planks":1,"minecraft:iron_sword":2,"minecraft:porkchop":2,"minecraft:glass_bottle":1,"minecraft:diamond":20,"minecraft:leather":4,"minecraft:saddle":1,"graveyard:corruption":1,"minecraft:leather_helmet":1,"minecraft:bone":4,"minecraft:rotten_flesh":5,"minecraft:chiseled_stone_bricks":1,"minecraft:tipped_arrow":1,"minecraft:chest":2,"minecraft:golden_helmet":1,"minecraft:mossy_cobblestone":1,"minecraft:cobblestone":16,"ancient_elements:iron_hammer":1,"evilcraft:dark_gem":3,"minecraft:golden_apple":2,"minecraft:torch":7,"minecraft:wooden_axe":1,"tombstone:grave_dust":1,"minecraft:shield":1,"minecraft:golden_leggings":1,"minecraft:slime_ball":2,"scalinghealth:enchanted_heart":1},"minecraft:broken":{"mining_helmet:mining_helmet":1,"minecraft:wooden_sword":1,"minecraft:iron_sword":1,"magistuarmory:rustedhalfarmor_chestplate":1,"ancient_elements:iron_hammer":1,"magistuarmory:rustednorman_helmet":1},"minecraft:picked_up":{"minecraft:wooden_axe":1,"minecraft:black_carpet":3,"minecraft:potion":3,"minecraft:enchanted_book":2,"minecraft:string":17,"minecraft:cobbled_deepslate":2075,"minecraft:black_glazed_terracotta":1,"minecraft:spruce_planks":4,"minecraft:calcite":1,"neapolitan:strawberry_pips":3,"minecraft:iron_boots":2,"minecraft:golden_helmet":1,"minecraft:tipped_arrow":4,"minecraft:stick":10,"born_in_chaos_v1:shattered_skull":1,"minecraft:torch":6,"minecraft:porkchop":2,"tombstone:grave_dust":9,"minecraft:quartz_block":6,"minecraft:rotten_flesh":61,"minecraft:iron_bars":15,"minecraft:cobblestone":59,"minecraft:enchanting_table":1,"minecraft:feather":6,"minecraft:cooked_beef":9,"minecraft:golden_leggings":1,"minecraft:potato":4,"ancient_elements:raw_lead":3,"minecraft:flint":6,"minecraft:tuff":316,"minecraft:dirt":188,"minecraft:lapis_lazuli":45,"born_in_chaos_v1:monster_skin":1,"minecraft:bone":24,"minecraft:bow":2,"minecraft:wheat_seeds":3,"minecraft:raw_gold":6,"minecraft:cobbled_deepslate_slab":2,"minecraft:mossy_stone_bricks":3,"minecraft:diamond_helmet":1,"minecraft:bamboo":1,"biomesoplenty:cherry_log":4,"evilcraft:dark_gem_crushed":20,"minecraft:sand":36,"minecraft:barrel":4,"magistuarmory:rustedgreathelm":1,"minecraft:mossy_cobblestone":3,"minecraft:bundle":1,"minecraft:diamond":63,"magistuarmory:corruptedroundshield":1,"minecraft:granite":4,"minecraft:golden_apple":2,"minecraft:oak_sapling":1,"born_in_chaos_v1:diamond_termite_shard":1,"minecraft:crafting_table":6,"minecraft:coarse_dirt":1,"artifacts:night_vision_goggles":1,"minecraft:chicken":4,"minecraft:leather_leggings":1,"minecraft:shield":2,"born_in_chaos_v1:intoxicating_decoction":1,"minecraft:iron_shovel":1,"graveyard:corruption":1,"minecraft:cracked_stone_bricks":2,"minecraft:beef":3,"minecraft:chest":3,"minecraft:egg":1,"minecraft:raw_iron":14,"ancient_elements:raw_steel":8,"magistuarmory:rustedbarbute":1,"ancient_elements:raw_tin":27,"born_in_chaos_v1:pieceofdarkmetal":9,"born_in_chaos_v1:charmof_endurance":1,"minecraft:redstone":57,"minecraft:dark_oak_planks":1,"minecraft:tnt":1,"minecraft:arrow":15,"minecraft:nether_bricks":6,"minecraft:saddle":2,"tombstone:essence_of_undeath":3,"minecraft:mutton":6,"minecraft:white_wool":4,"born_in_chaos_v1:corpse_maggot":12,"minecraft:lime_bed":4,"magistuarmory:rustedhalfarmor_chestplate":1,"born_in_chaos_v1:monster_flesh":1,"minecraft:glow_ink_sac":4,"minecraft:leather":11,"royalvariations:spiritual_crown_shard":1,"minecraft:gunpowder":11,"scalinghealth:heart_crystal":6,"minecraft:blue_bed":1,"minecraft:paper":9,"tombstone:gift":1,"minecraft:red_carpet":1,"minecraft:apple":1,"minecraft:stone_bricks":1,"minecraft:iron_ingot":3,"born_in_chaos_v1:smoked_flesh":4,"scalinghealth:power_crystal_shard":10,"tombstone:bag_of_seeds":2,"minecraft:glass_bottle":1,"biomesoplenty:umbran_log":3,"minecraft:iron_sword":1,"minecraft:book":18,"minecraft:polished_andesite_stairs":1,"scalinghealth:heart_crystal_shard":4,"minecraft:chiseled_stone_bricks":3,"minecraft:red_wool":3,"born_in_chaos_v1:ethereal_spirit":6,"minecraft:gravel":47,"magistuarmory:rustednorman_helmet":2,"orcz:orcamanita":1,"minecraft:spruce_log":18,"minecraft:spider_eye":8,"minecraft:leather_helmet":2,"magistuarmory:rustedchainmail_helmet":1,"minecraft:slime_ball":4,"magistuarmory:rusted_bastardsword":1,"evilcraft:dark_gem":65,"minecraft:mossy_cobblestone_stairs":1,"tombstone:magic_scroll":1,"minecraft:black_wool":10,"minecraft:melon_seeds":4,"minecraft:coal":11},"minecraft:killed_by":{"minecraft:wither_skeleton":2,"mutantmonsters:mutant_creeper":1,"minecraft:cave_spider":1,"royalvariations:royal_zombie":1,"orcz:orcsavageweird":2,"minecraft:spider":1,"born_in_chaos_v1:swarmer":1,"minecraft:warden":1,"minecraft:skeleton":1}},"DataVersion":3120}