{"stats":{"minecraft:broken":{"mining_helmet:mining_helmet":1,"minecraft:wooden_sword":1,"minecraft:iron_sword":1,"magistuarmory:rustednorman_helmet":1,"magistuarmory:rustedhalfarmor_chestplate":1},"minecraft:custom":{"minecraft:mob_kills":88,"minecraft:interact_with_crafting_table":27,"minecraft:open_barrel":23,"minecraft:damage_dealt_resisted":10,"minecraft:leave_game":1,"minecraft:time_since_death":24041,"minecraft:climb_one_cm":9748,"minecraft:sprint_one_cm":679999,"minecraft:walk_one_cm":432586,"minecraft:damage_blocked_by_shield":232,"minecraft:drop":24,"minecraft:play_time":168136,"minecraft:deaths":10,"minecraft:sneak_time":3378,"minecraft:walk_under_water_one_cm":463,"minecraft:jump":2393,"minecraft:walk_on_water_one_cm":10885,"minecraft:total_world_time":168136,"minecraft:interact_with_furnace":12,"minecraft:interact_with_cartography_table":4,"minecraft:sleep_in_bed":2,"minecraft:time_since_rest":23815,"minecraft:damage_taken":9902,"minecraft:damage_absorbed":478,"minecraft:damage_dealt":12313,"minecraft:swim_one_cm":1683,"minecraft:fly_one_cm":401117,"minecraft:open_chest":139,"minecraft:crouch_one_cm":15679,"tombstone:undead_killed":34,"minecraft:interact_with_smoker":20,"minecraft:fall_one_cm":93664},"minecraft:dropped":{"biomesoplenty:umbran_planks":1,"minecraft:iron_sword":2,"minecraft:golden_helmet":1,"minecraft:mossy_cobblestone":1,"minecraft:glass_bottle":1,"ancient_elements:iron_hammer":1,"minecraft:saddle":1,"graveyard:corruption":1,"minecraft:leather_helmet":1,"minecraft:golden_apple":2,"minecraft:torch":7,"minecraft:wooden_axe":1,"tombstone:grave_dust":1,"minecraft:bone":4,"minecraft:chiseled_stone_bricks":1,"minecraft:tipped_arrow":1,"minecraft:shield":1,"minecraft:chest":2,"minecraft:golden_leggings":1,"minecraft:slime_ball":2,"scalinghealth:enchanted_heart":1},"minecraft:used":{"minecraft:spruce_planks":3,"minecraft:chest":3,"minecraft:shield":16,"minecraft:iron_sword":205,"minecraft:torch":54,"minecraft:dirt":7,"biomesoplenty:umbran_log":1,"scalinghealth:heart_crystal":4,"minecraft:nether_bricks":4,"minecraft:wooden_axe":8,"minecraft:iron_axe":23,"minecraft:iron_boots":1,"minecraft:barrel":1,"minecraft:golden_carrot":10,"minecraft:furnace":1,"tombstone:gift":5,"minecraft:cooked_beef":14,"minecraft:cooked_mutton":3,"minecraft:baked_potato":7,"minecraft:ender_pearl":2,"minecraft:wooden_pickaxe":21,"minecraft:blue_bed":1,"minecraft:golden_apple":5,"minecraft:lime_bed":3,"minecraft:crafting_table":9,"tombstone:bag_of_seeds":4,"minecraft:apple":1,"scalinghealth:enchanted_heart":1,"minecraft:melon_slice":2,"minecraft:bread":11,"minecraft:iron_pickaxe":137,"minecraft:gravel":2,"tombstone:grave_key":2,"minecraft:golden_helmet":1,"minecraft:diamond_sword":84,"minecraft:wooden_sword":49,"minecraft:cobblestone":10,"minecraft:potion":4},"minecraft:picked_up":{"minecraft:wooden_axe":1,"minecraft:crafting_table":6,"minecraft:black_carpet":3,"minecraft:chicken":4,"minecraft:potion":3,"minecraft:shield":2,"minecraft:string":17,"born_in_chaos_v1:intoxicating_decoction":1,"minecraft:iron_shovel":1,"graveyard:corruption":1,"minecraft:cracked_stone_bricks":2,"minecraft:cobbled_deepslate":15,"minecraft:black_glazed_terracotta":1,"minecraft:spruce_planks":2,"minecraft:beef":3,"minecraft:calcite":1,"minecraft:chest":2,"neapolitan:strawberry_pips":3,"minecraft:egg":1,"minecraft:golden_helmet":1,"minecraft:tipped_arrow":4,"minecraft:stick":10,"minecraft:raw_iron":14,"born_in_chaos_v1:shattered_skull":1,"minecraft:torch":3,"magistuarmory:rustedbarbute":1,"ancient_elements:raw_tin":21,"tombstone:grave_dust":9,"minecraft:dark_oak_planks":1,"minecraft:quartz_block":6,"minecraft:arrow":10,"minecraft:rotten_flesh":39,"minecraft:nether_bricks":6,"minecraft:saddle":2,"tombstone:essence_of_undeath":1,"minecraft:mutton":6,"minecraft:iron_bars":13,"minecraft:white_wool":4,"minecraft:cobblestone":29,"minecraft:enchanting_table":1,"minecraft:lime_bed":4,"born_in_chaos_v1:corpse_maggot":10,"minecraft:feather":6,"magistuarmory:rustedhalfarmor_chestplate":1,"minecraft:cooked_beef":4,"born_in_chaos_v1:monster_flesh":1,"minecraft:golden_leggings":1,"minecraft:leather":8,"minecraft:potato":4,"royalvariations:spiritual_crown_shard":1,"ancient_elements:raw_lead":3,"minecraft:flint":1,"minecraft:blue_bed":1,"minecraft:gunpowder":10,"scalinghealth:heart_crystal":5,"minecraft:dirt":7,"minecraft:lapis_lazuli":45,"minecraft:paper":9,"born_in_chaos_v1:monster_skin":1,"minecraft:bone":23,"minecraft:apple":1,"minecraft:stone_bricks":1,"minecraft:bow":1,"minecraft:iron_ingot":1,"scalinghealth:power_crystal_shard":4,"tombstone:bag_of_seeds":2,"minecraft:mossy_stone_bricks":3,"minecraft:bamboo":1,"minecraft:glass_bottle":1,"biomesoplenty:cherry_log":4,"minecraft:iron_sword":1,"biomesoplenty:umbran_log":3,"minecraft:polished_andesite_stairs":1,"scalinghealth:heart_crystal_shard":4,"minecraft:chiseled_stone_bricks":3,"minecraft:red_wool":3,"minecraft:gravel":11,"magistuarmory:rustednorman_helmet":2,"magistuarmory:rustedgreathelm":1,"minecraft:barrel":4,"minecraft:spruce_log":7,"minecraft:spider_eye":8,"minecraft:leather_helmet":2,"minecraft:mossy_cobblestone":3,"minecraft:bundle":1,"minecraft:slime_ball":4,"magistuarmory:rusted_bastardsword":1,"minecraft:granite":3,"minecraft:golden_apple":2,"minecraft:mossy_cobblestone_stairs":1,"minecraft:oak_sapling":1,"minecraft:melon_seeds":4,"minecraft:black_wool":10,"minecraft:coal":11},"minecraft:crafted":{"minecraft:wooden_sword":1,"biomesoplenty:cherry_planks":16,"minecraft:iron_nugget":9,"minecraft:cooked_chicken":4,"minecraft:furnace":1,"minecraft:cooked_mutton":5,"minecraft:lantern":1,"minecraft:leather":2,"minecraft:iron_axe":1,"minecraft:chest":4,"minecraft:cooked_beef":2,"biomesoplenty:umbran_planks":8,"minecraft:cooked_cod":5,"minecraft:crafting_table":4,"minecraft:spruce_planks":28,"minecraft:wooden_pickaxe":1,"minecraft:baked_potato":6,"minecraft:iron_sword":1,"minecraft:air":0,"minecraft:white_wool":5,"mining_helmet:mining_helmet":1,"born_in_chaos_v1:smoked_flesh":9,"minecraft:stick":24,"minecraft:iron_ingot":6,"minecraft:wooden_axe":1,"minecraft:iron_leggings":1,"ancient_elements:iron_hammer":2,"minecraft:black_bed":1,"minecraft:torch":16},"minecraft:killed":{"born_in_chaos_v1:zombie_clown":1,"minecraft:cave_spider":12,"minecraft:spider":6,"born_in_chaos_v1:maggot":4,"minecraft:skeleton":5,"minecraft:chicken":4,"graveyard:reaper":1,"minecraft:silverfish":3,"graveyard:ghoul":1,"minecraft:zombie_villager":1,"born_in_chaos_v1:baby_skeleton":2,"born_in_chaos_v1:swarmer":1,"minecraft:creeper":1,"born_in_chaos_v1:decrepit_skeleton":3,"minecraft:sheep":5,"royalvariations:royal_zombie":2,"minecraft:zombie":14,"born_in_chaos_v1:dread_hound":1,"born_in_chaos_v1:corpse_fly":5,"minecraft:stray":4,"minecraft:cow":8},"minecraft:mined":{"minecraft:dark_oak_planks":1,"minecraft:spruce_planks":2,"biomesoplenty:cherry_log":4,"minecraft:mossy_cobblestone":2,"ancient_elements:lead_ore":2,"minecraft:nether_bricks":2,"minecraft:chiseled_stone_bricks":2,"minecraft:spawner":14,"minecraft:iron_ore":7,"minecraft:barrel":4,"ancient_elements:tin_ore":11,"minecraft:black_carpet":1,"minecraft:enchanting_table":1,"scalinghealth:deepslate_power_crystal_ore":2,"minecraft:vine":12,"minecraft:iron_bars":4,"biomesoplenty:webbing":5,"minecraft:stone":31,"biomesoplenty:spider_egg":1,"scalinghealth:heart_crystal_ore":1,"minecraft:quartz_block":18,"minecraft:red_wool":1,"minecraft:powder_snow":25,"minecraft:crafting_table":6,"minecraft:torch":1,"minecraft:calcite":1,"minecraft:chest":1,"minecraft:stone_slab":1,"minecraft:tall_grass":2,"minecraft:cobblestone":7,"minecraft:lapis_ore":5,"minecraft:wall_torch":1,"minecraft:diorite":3,"minecraft:blue_bed":1,"minecraft:lime_bed":4,"minecraft:lilac":3,"minecraft:spruce_log":7,"biomesoplenty:umbran_log":3,"minecraft:grass":6,"minecraft:black_wool":12,"minecraft:coal_ore":7,"evilcraft:blood_stain":1,"minecraft:gravel":24,"minecraft:dirt":7,"biomesoplenty:umbran_leaves":6,"minecraft:cobweb":1,"minecraft:cracked_stone_bricks":2,"minecraft:stone_bricks":2,"minecraft:mossy_stone_bricks":4,"minecraft:oak_leaves":1,"minecraft:deepslate":1},"minecraft:killed_by":{"minecraft:wither_skeleton":2,"minecraft:spider":1,"born_in_chaos_v1:swarmer":1,"minecraft:cave_spider":1,"minecraft:skeleton":1,"royalvariations:royal_zombie":1,"orcz:orcsavageweird":2}},"DataVersion":3120}