{"stats":{"minecraft:broken":{"minecraft:wooden_sword":1,"magistuarmory:rustedhalfarmor_chestplate":1},"minecraft:custom":{"minecraft:mob_kills":53,"minecraft:interact_with_crafting_table":19,"minecraft:leave_game":1,"minecraft:time_since_death":8501,"minecraft:climb_one_cm":8503,"minecraft:sprint_one_cm":476883,"minecraft:walk_one_cm":321930,"minecraft:damage_blocked_by_shield":232,"minecraft:drop":19,"minecraft:play_time":108136,"minecraft:deaths":5,"minecraft:sneak_time":1415,"minecraft:walk_under_water_one_cm":365,"minecraft:jump":1289,"minecraft:walk_on_water_one_cm":4275,"minecraft:total_world_time":108136,"minecraft:interact_with_furnace":12,"minecraft:time_since_rest":8257,"minecraft:damage_taken":7022,"minecraft:damage_absorbed":478,"minecraft:damage_dealt":6436,"minecraft:swim_one_cm":1210,"minecraft:fly_one_cm":220674,"minecraft:open_chest":124,"minecraft:crouch_one_cm":7777,"tombstone:undead_killed":20,"minecraft:fall_one_cm":51035},"minecraft:dropped":{"minecraft:iron_sword":1,"minecraft:golden_helmet":1,"minecraft:mossy_cobblestone":1,"minecraft:glass_bottle":1,"minecraft:leather_helmet":1,"minecraft:golden_apple":2,"minecraft:torch":7,"minecraft:wooden_axe":1,"tombstone:grave_dust":1,"minecraft:bone":4,"minecraft:chiseled_stone_bricks":1,"minecraft:tipped_arrow":1,"minecraft:shield":1,"minecraft:chest":2,"minecraft:golden_leggings":1,"minecraft:slime_ball":2,"scalinghealth:enchanted_heart":1},"minecraft:used":{"minecraft:spruce_planks":2,"minecraft:chest":2,"minecraft:shield":16,"minecraft:iron_sword":55,"minecraft:torch":48,"scalinghealth:heart_crystal":3,"minecraft:nether_bricks":4,"minecraft:wooden_axe":8,"minecraft:iron_boots":1,"minecraft:golden_carrot":7,"minecraft:furnace":1,"tombstone:gift":5,"minecraft:cooked_beef":14,"minecraft:baked_potato":7,"minecraft:wooden_pickaxe":21,"minecraft:golden_apple":5,"minecraft:crafting_table":6,"tombstone:bag_of_seeds":4,"minecraft:apple":1,"scalinghealth:enchanted_heart":1,"minecraft:melon_slice":2,"minecraft:bread":5,"minecraft:iron_pickaxe":103,"minecraft:golden_helmet":1,"minecraft:diamond_sword":84,"minecraft:wooden_sword":49,"minecraft:cobblestone":1,"minecraft:potion":4},"minecraft:picked_up":{"minecraft:wooden_axe":1,"minecraft:crafting_table":5,"minecraft:black_carpet":3,"minecraft:potion":2,"minecraft:shield":2,"minecraft:string":14,"minecraft:iron_shovel":1,"minecraft:cracked_stone_bricks":2,"minecraft:black_glazed_terracotta":1,"minecraft:beef":3,"minecraft:chest":1,"neapolitan:strawberry_pips":3,"minecraft:golden_helmet":1,"minecraft:tipped_arrow":4,"minecraft:raw_iron":14,"born_in_chaos_v1:shattered_skull":1,"minecraft:torch":2,"magistuarmory:rustedbarbute":1,"ancient_elements:raw_tin":13,"tombstone:grave_dust":4,"minecraft:dark_oak_planks":1,"minecraft:quartz_block":6,"minecraft:arrow":5,"minecraft:rotten_flesh":22,"minecraft:nether_bricks":6,"tombstone:essence_of_undeath":1,"minecraft:iron_bars":13,"minecraft:cobblestone":20,"minecraft:enchanting_table":1,"born_in_chaos_v1:corpse_maggot":10,"magistuarmory:rustedhalfarmor_chestplate":1,"minecraft:cooked_beef":4,"minecraft:golden_leggings":1,"minecraft:leather":5,"minecraft:potato":1,"ancient_elements:raw_lead":3,"minecraft:gunpowder":10,"scalinghealth:heart_crystal":3,"minecraft:lapis_lazuli":45,"minecraft:paper":9,"minecraft:bone":17,"minecraft:apple":1,"minecraft:bow":1,"tombstone:bag_of_seeds":2,"minecraft:mossy_stone_bricks":3,"minecraft:glass_bottle":1,"minecraft:polished_andesite_stairs":1,"scalinghealth:heart_crystal_shard":4,"minecraft:chiseled_stone_bricks":2,"minecraft:red_wool":3,"minecraft:spruce_log":7,"minecraft:spider_eye":6,"minecraft:leather_helmet":2,"minecraft:mossy_cobblestone":3,"minecraft:bundle":1,"minecraft:slime_ball":4,"magistuarmory:rusted_bastardsword":1,"minecraft:golden_apple":2,"minecraft:mossy_cobblestone_stairs":1,"minecraft:melon_seeds":4,"minecraft:black_wool":10,"minecraft:coal":11},"minecraft:crafted":{"minecraft:wooden_sword":1,"minecraft:iron_nugget":9,"minecraft:furnace":1,"minecraft:lantern":1,"minecraft:chest":4,"minecraft:cooked_beef":2,"minecraft:crafting_table":2,"minecraft:spruce_planks":28,"minecraft:wooden_pickaxe":1,"minecraft:baked_potato":6,"minecraft:iron_sword":1,"minecraft:air":0,"mining_helmet:mining_helmet":1,"minecraft:stick":20,"minecraft:iron_ingot":6,"minecraft:wooden_axe":1,"minecraft:iron_leggings":1,"minecraft:torch":16},"minecraft:killed":{"minecraft:cave_spider":9,"minecraft:spider":5,"born_in_chaos_v1:maggot":3,"minecraft:skeleton":5,"minecraft:silverfish":3,"graveyard:ghoul":1,"minecraft:zombie_villager":1,"born_in_chaos_v1:baby_skeleton":1,"born_in_chaos_v1:swarmer":1,"born_in_chaos_v1:decrepit_skeleton":1,"minecraft:sheep":1,"minecraft:zombie":6,"born_in_chaos_v1:corpse_fly":5,"minecraft:stray":4,"minecraft:cow":5},"minecraft:mined":{"minecraft:dark_oak_planks":1,"minecraft:mossy_cobblestone":2,"ancient_elements:lead_ore":2,"minecraft:nether_bricks":2,"minecraft:spawner":12,"minecraft:iron_ore":7,"ancient_elements:tin_ore":7,"minecraft:black_carpet":1,"minecraft:enchanting_table":1,"minecraft:vine":12,"minecraft:iron_bars":4,"biomesoplenty:webbing":5,"minecraft:stone":26,"biomesoplenty:spider_egg":1,"scalinghealth:heart_crystal_ore":1,"minecraft:quartz_block":18,"minecraft:red_wool":1,"minecraft:crafting_table":5,"minecraft:torch":1,"minecraft:cobblestone":2,"minecraft:lapis_ore":5,"minecraft:diorite":3,"minecraft:lilac":3,"minecraft:spruce_log":7,"minecraft:grass":2,"minecraft:black_wool":12,"minecraft:coal_ore":7,"minecraft:cobweb":1,"minecraft:cracked_stone_bricks":2,"minecraft:stone_bricks":1,"minecraft:mossy_stone_bricks":4,"minecraft:oak_leaves":1},"minecraft:killed_by":{"minecraft:wither_skeleton":1,"born_in_chaos_v1:swarmer":1,"minecraft:skeleton":1,"orcz:orcsavageweird":2}},"DataVersion":3120}