{"stats":{"minecraft:custom":{"minecraft:time_since_rest":7574,"minecraft:open_chest":7,"minecraft:interact_with_furnace":3,"minecraft:crouch_one_cm":1438,"minecraft:play_time":16736,"minecraft:sprint_one_cm":34767,"minecraft:walk_one_cm":48937,"minecraft:damage_taken":1170,"minecraft:deaths":1,"minecraft:sneak_time":247,"minecraft:mob_kills":1,"minecraft:drop":2,"minecraft:jump":257,"minecraft:damage_dealt":101,"minecraft:time_since_death":7933,"minecraft:total_world_time":16736,"minecraft:interact_with_crafting_table":4,"minecraft:fall_one_cm":18386,"minecraft:fly_one_cm":40599},"minecraft:dropped":{"minecraft:torch":7,"minecraft:wooden_axe":1},"minecraft:crafted":{"minecraft:wooden_sword":1,"minecraft:crafting_table":1,"minecraft:spruce_planks":28,"minecraft:stick":8,"minecraft:air":0,"minecraft:iron_ingot":3,"minecraft:wooden_pickaxe":1,"minecraft:cooked_beef":2,"minecraft:wooden_axe":1},"minecraft:picked_up":{"minecraft:wooden_axe":1,"minecraft:crafting_table":2,"minecraft:apple":1,"minecraft:leather":2,"minecraft:potion":1,"minecraft:beef":2,"minecraft:iron_bars":2,"minecraft:spruce_log":7},"minecraft:killed":{"minecraft:cow":1},"minecraft:used":{"minecraft:golden_helmet":1,"minecraft:wooden_axe":3,"minecraft:crafting_table":3,"minecraft:cooked_beef":2},"minecraft:killed_by":{"minecraft:skeleton":1},"minecraft:mined":{"minecraft:spruce_log":7,"minecraft:oak_leaves":1,"minecraft:crafting_table":2}},"DataVersion":3120}