{"stats":{"minecraft:mined":{"minecraft:dark_oak_planks":1,"minecraft:spruce_planks":4,"biomesoplenty:cherry_log":4,"minecraft:sculk_vein":2,"minecraft:granite":2,"minecraft:grass_block":83,"minecraft:chiseled_stone_bricks":2,"minecraft:spawner":31,"minecraft:cobbled_deepslate":39,"minecraft:iron_ore":8,"minecraft:barrel":4,"minecraft:black_carpet":1,"ancient_elements:tin_ore":11,"minecraft:nether_brick_stairs":1,"minecraft:enchanting_table":1,"scalinghealth:deepslate_power_crystal_ore":6,"minecraft:iron_bars":9,"biomesoplenty:webbing":5,"minecraft:spruce_pressure_plate":1,"minecraft:quartz_block":27,"minecraft:powder_snow":74,"minecraft:torch":1,"minecraft:calcite":1,"minecraft:chest":2,"ancient_elements:deepslate_tin_ore":2,"minecraft:cobblestone":11,"minecraft:wall_torch":1,"evilcraft:dark_ore_deepslate":10,"minecraft:lilac":3,"minecraft:stone_brick_stairs":1,"minecraft:tnt":1,"biomesoplenty:umbran_log":3,"minecraft:grass":8,"minecraft:sand":35,"minecraft:dirt":73,"biomesoplenty:umbran_leaves":6,"minecraft:oak_leaves":1,"minecraft:deepslate":296,"minecraft:tuff":15,"minecraft:mossy_cobblestone":2,"ancient_elements:lead_ore":4,"minecraft:deepslate_diamond_ore":31,"minecraft:nether_bricks":2,"minecraft:cobbled_deepslate_slab":1,"minecraft:spruce_leaves":35,"minecraft:andesite":7,"minecraft:bookshelf":6,"minecraft:vine":20,"biomesoplenty:spider_egg":1,"minecraft:stone":112,"scalinghealth:heart_crystal_ore":1,"minecraft:red_wool":1,"minecraft:crafting_table":6,"minecraft:stone_slab":1,"minecraft:tall_grass":2,"minecraft:lapis_ore":5,"minecraft:deepslate_gold_ore":2,"minecraft:sculk":6,"minecraft:diorite":3,"minecraft:blue_bed":1,"minecraft:lime_bed":4,"minecraft:coarse_dirt":1,"minecraft:spruce_log":20,"minecraft:black_wool":12,"minecraft:coal_ore":9,"evilcraft:blood_stain":1,"minecraft:gravel":69,"minecraft:cobweb":1,"minecraft:cracked_stone_bricks":2,"minecraft:stone_bricks":3,"minecraft:mossy_stone_bricks":5,"minecraft:infested_stone":1},"minecraft:crafted":{"biomesoplenty:cherry_planks":16,"minecraft:cooked_chicken":4,"minecraft:cooked_mutton":5,"minecraft:glass":35,"minecraft:diamond_helmet":1,"minecraft:diamond_leggings":1,"evilcraft:blood_extractor":5,"minecraft:chest":7,"scalinghealth:power_crystal":1,"minecraft:crafting_table":7,"minecraft:spruce_planks":72,"minecraft:wooden_pickaxe":1,"minecraft:baked_potato":6,"travelersbackpack:standard":1,"mining_helmet:mining_helmet":1,"minecraft:stick":24,"born_in_chaos_v1:smoked_flesh":9,"minecraft:iron_ingot":6,"minecraft:iron_pickaxe":1,"minecraft:gold_ingot":6,"minecraft:black_bed":1,"evilcraft:dark_spike":16,"minecraft:wooden_sword":1,"minecraft:cobbled_deepslate_slab":126,"minecraft:iron_nugget":9,"minecraft:furnace":2,"minecraft:lantern":1,"travelersbackpack:white_sleeping_bag":1,"minecraft:leather":2,"minecraft:iron_axe":1,"minecraft:cobbled_deepslate_stairs":4,"minecraft:cooked_beef":2,"biomesoplenty:umbran_planks":8,"minecraft:cooked_cod":5,"evilcraft:dark_tank":4,"travelersbackpack:backpack_tank":2,"minecraft:iron_sword":2,"minecraft:air":0,"minecraft:white_wool":5,"minecraft:wooden_axe":1,"minecraft:iron_leggings":1,"ancient_elements:iron_hammer":3,"minecraft:torch":16,"minecraft:diamond_chestplate":1},"minecraft:custom":{"minecraft:interact_with_crafting_table":69,"minecraft:open_barrel":44,"minecraft:leave_game":6,"minecraft:time_since_death":22860,"minecraft:sprint_one_cm":1431395,"minecraft:damage_blocked_by_shield":232,"minecraft:drop":38,"minecraft:talked_to_villager":1,"minecraft:play_time":389123,"minecraft:deaths":13,"minecraft:jump":5635,"minecraft:walk_on_water_one_cm":19067,"minecraft:interact_with_furnace":30,"minecraft:interact_with_cartography_table":4,"minecraft:sleep_in_bed":3,"minecraft:damage_dealt":31374,"minecraft:crouch_one_cm":64191,"tombstone:undead_killed":78,"minecraft:interact_with_smoker":20,"minecraft:mob_kills":186,"minecraft:damage_dealt_resisted":819,"minecraft:climb_one_cm":18628,"minecraft:walk_one_cm":942656,"minecraft:sneak_time":15824,"minecraft:walk_under_water_one_cm":8169,"minecraft:total_world_time":389123,"minecraft:time_since_rest":22707,"minecraft:damage_taken":18782,"minecraft:damage_absorbed":775,"minecraft:swim_one_cm":11712,"minecraft:fly_one_cm":909478,"minecraft:open_chest":285,"minecraft:fall_one_cm":169976},"minecraft:killed":{"born_in_chaos_v1:zombie_clown":1,"minecraft:cave_spider":21,"born_in_chaos_v1:restless_spirit":1,"minecraft:spider":6,"born_in_chaos_v1:scarlet_persecutor":3,"minecraft:skeleton":14,"graveyard:reaper":1,"minecraft:chicken":4,"minecraft:silverfish":5,"born_in_chaos_v1:supreme_bonescaller_stage_2":1,"artifacts:mimic":1,"minecraft:pig":1,"minecraft:zombie_villager":1,"minecraft:creeper":1,"minecraft:sheep":5,"minecraft:zombie":26,"born_in_chaos_v1:dread_hound":1,"born_in_chaos_v1:corpse_fly":9,"minecraft:stray":9,"cave_dweller:cave_dweller":1,"mutantmonsters:mutant_creeper":2,"born_in_chaos_v1:door_knight":1,"minecraft:cow":12,"born_in_chaos_v1:zombie_bruiser":1,"born_in_chaos_v1:maggot":9,"ancient_elements:undead_miner":1,"born_in_chaos_v1:fallen_chaos_knight":1,"graveyard:ghoul":1,"born_in_chaos_v1:bone_imp_minion":5,"born_in_chaos_v1:baby_skeleton":3,"born_in_chaos_v1:swarmer":1,"born_in_chaos_v1:decrepit_skeleton":3,"royalvariations:royal_zombie":2,"mutantmonsters:creeper_minion":1,"minecraft:wither_skeleton":7,"minecraft:enderman":5},"minecraft:used":{"minecraft:iron_shovel":194,"born_in_chaos_v1:intoxicating_decoction":1,"minecraft:chest":6,"minecraft:shield":16,"magistuarmory:rustednorman_helmet":1,"minecraft:iron_sword":436,"minecraft:rotten_flesh":9,"biomesoplenty:umbran_log":1,"minecraft:nether_bricks":13,"born_in_chaos_v1:smoked_flesh":13,"biomesoplenty:cherry_planks":1,"minecraft:furnace":2,"minecraft:cooked_cod":5,"minecraft:oak_planks":2,"minecraft:ender_pearl":4,"minecraft:wooden_pickaxe":21,"minecraft:blue_bed":1,"minecraft:golden_apple":14,"minecraft:sand":1,"minecraft:cobbled_deepslate_stairs":4,"scalinghealth:enchanted_heart":1,"minecraft:bread":17,"minecraft:melon_slice":2,"tombstone:grave_key":4,"minecraft:gravel":13,"minecraft:golden_helmet":1,"minecraft:diamond_sword":110,"minecraft:wooden_sword":49,"minecraft:coarse_dirt":1,"minecraft:spruce_planks":5,"minecraft:cooked_chicken":4,"minecraft:torch":90,"minecraft:dirt":204,"scalinghealth:heart_crystal":7,"minecraft:mossy_cobblestone_stairs":1,"minecraft:wooden_axe":8,"minecraft:iron_axe":110,"mutantmonsters:creeper_shard":4,"minecraft:iron_boots":1,"scalinghealth:power_crystal":1,"minecraft:barrel":4,"minecraft:golden_carrot":18,"tombstone:gift":10,"minecraft:cooked_beef":26,"minecraft:cobbled_deepslate":510,"minecraft:cooked_mutton":5,"minecraft:baked_potato":11,"ancient_elements:iron_hammer":329,"minecraft:cracked_stone_bricks":1,"minecraft:crafting_table":12,"minecraft:lime_bed":3,"tombstone:bag_of_seeds":4,"minecraft:apple":1,"minecraft:iron_pickaxe":455,"scalinghealth:medkit":1,"minecraft:cobblestone":34,"minecraft:potion":5,"travelersbackpack:standard":1,"minecraft:cobbled_deepslate_slab":124},"minecraft:dropped":{"biomesoplenty:umbran_planks":1,"minecraft:iron_sword":2,"minecraft:porkchop":2,"minecraft:glass_bottle":1,"minecraft:diamond":20,"mutantmonsters:creeper_shard":1,"minecraft:leather":4,"minecraft:saddle":1,"graveyard:corruption":1,"minecraft:leather_helmet":1,"minecraft:bone":4,"minecraft:rotten_flesh":5,"minecraft:chiseled_stone_bricks":1,"bosses_of_mass_destruction:soul_star":1,"minecraft:tipped_arrow":1,"minecraft:chest":2,"minecraft:golden_helmet":1,"minecraft:mossy_cobblestone":1,"minecraft:cobblestone":16,"ancient_elements:iron_hammer":1,"evilcraft:dark_gem":3,"minecraft:golden_apple":2,"minecraft:torch":7,"minecraft:wooden_axe":1,"tombstone:grave_dust":1,"minecraft:shield":1,"minecraft:diamond_chestplate":2,"minecraft:golden_leggings":1,"minecraft:slime_ball":2,"scalinghealth:enchanted_heart":1},"minecraft:broken":{"mining_helmet:mining_helmet":1,"minecraft:wooden_sword":1,"minecraft:iron_sword":1,"magistuarmory:rustedhalfarmor_chestplate":1,"ancient_elements:iron_hammer":1,"magistuarmory:rustednorman_helmet":1},"minecraft:picked_up":{"minecraft:wooden_axe":1,"minecraft:black_carpet":3,"minecraft:potion":3,"minecraft:enchanted_book":2,"minecraft:stone_brick_stairs":3,"minecraft:string":31,"evilcraft:ender_tear":1,"minecraft:cobbled_deepslate":2075,"bosses_of_mass_destruction:soul_star":2,"minecraft:black_glazed_terracotta":1,"minecraft:spruce_planks":4,"minecraft:calcite":1,"neapolitan:strawberry_pips":3,"minecraft:iron_boots":2,"minecraft:golden_helmet":1,"minecraft:tipped_arrow":6,"minecraft:stick":10,"born_in_chaos_v1:shattered_skull":1,"minecraft:torch":8,"minecraft:porkchop":2,"tombstone:grave_dust":11,"minecraft:quartz_block":10,"minecraft:rotten_flesh":63,"minecraft:iron_bars":19,"minecraft:cobblestone":88,"minecraft:enchanting_table":1,"minecraft:feather":6,"minecraft:cooked_beef":13,"magistuarmory:rustedchainmail_boots":1,"minecraft:andesite":1,"minecraft:golden_leggings":1,"minecraft:potato":4,"ancient_elements:raw_lead":3,"minecraft:flint":6,"minecraft:tuff":316,"minecraft:dirt":192,"minecraft:lapis_lazuli":45,"born_in_chaos_v1:monster_skin":1,"minecraft:leather_boots":1,"minecraft:bone":56,"minecraft:bow":3,"minecraft:wheat_seeds":3,"minecraft:raw_gold":8,"minecraft:cobbled_deepslate_slab":2,"minecraft:mossy_stone_bricks":7,"minecraft:diamond_helmet":2,"minecraft:bamboo":1,"minecraft:oak_planks":13,"biomesoplenty:cherry_log":4,"minecraft:mossy_stone_brick_stairs":5,"evilcraft:dark_gem_crushed":20,"minecraft:sand":36,"minecraft:nether_brick_stairs":1,"minecraft:barrel":4,"magistuarmory:rustedgreathelm":1,"minecraft:mossy_cobblestone":13,"minecraft:bundle":1,"minecraft:diamond":63,"magistuarmory:corruptedroundshield":2,"minecraft:granite":5,"minecraft:golden_apple":2,"minecraft:oak_sapling":1,"born_in_chaos_v1:diamond_termite_shard":1,"minecraft:crafting_table":6,"minecraft:coarse_dirt":1,"artifacts:night_vision_goggles":1,"minecraft:chicken":4,"minecraft:leather_leggings":1,"minecraft:shield":2,"born_in_chaos_v1:intoxicating_decoction":1,"minecraft:iron_shovel":1,"graveyard:corruption":1,"minecraft:cracked_stone_bricks":9,"minecraft:beef":3,"minecraft:chest":3,"minecraft:egg":1,"minecraft:raw_iron":14,"ancient_elements:raw_steel":8,"magistuarmory:rustedbarbute":1,"ancient_elements:raw_tin":27,"born_in_chaos_v1:pieceofdarkmetal":9,"born_in_chaos_v1:charmof_endurance":1,"minecraft:redstone":57,"minecraft:dark_oak_planks":1,"mutantmonsters:creeper_shard":1,"minecraft:tnt":1,"minecraft:arrow":31,"minecraft:nether_bricks":6,"minecraft:saddle":2,"tombstone:essence_of_undeath":3,"minecraft:mutton":6,"minecraft:white_wool":4,"born_in_chaos_v1:corpse_maggot":19,"minecraft:lime_bed":4,"magistuarmory:rustedhalfarmor_chestplate":1,"born_in_chaos_v1:monster_flesh":1,"minecraft:glow_ink_sac":4,"minecraft:leather":11,"royalvariations:spiritual_crown_shard":1,"minecraft:gunpowder":11,"scalinghealth:heart_crystal":7,"minecraft:blue_bed":1,"minecraft:paper":9,"scalinghealth:medkit":1,"tombstone:gift":1,"minecraft:red_carpet":1,"minecraft:apple":1,"minecraft:stone_bricks":3,"minecraft:iron_ingot":3,"born_in_chaos_v1:smoked_flesh":4,"scalinghealth:power_crystal_shard":10,"tombstone:bag_of_seeds":2,"minecraft:glass_bottle":1,"biomesoplenty:umbran_log":3,"minecraft:iron_sword":1,"minecraft:book":18,"minecraft:polished_andesite_stairs":1,"born_in_chaos_v1:death_totem":1,"scalinghealth:heart_crystal_shard":4,"ancient_elements:mining_helmet_helmet":1,"magistuarmory:rustedchainmail_chestplate":1,"minecraft:chiseled_stone_bricks":3,"born_in_chaos_v1:orbofthe_summoner":1,"minecraft:red_wool":3,"born_in_chaos_v1:ethereal_spirit":6,"minecraft:gravel":48,"magistuarmory:rustednorman_helmet":2,"orcz:orcamanita":1,"minecraft:spruce_log":18,"minecraft:spider_eye":14,"minecraft:leather_helmet":3,"magistuarmory:rustedchainmail_helmet":1,"minecraft:slime_ball":4,"magistuarmory:rusted_bastardsword":1,"evilcraft:dark_gem":65,"minecraft:mossy_cobblestone_stairs":2,"tombstone:magic_scroll":2,"minecraft:black_wool":10,"minecraft:melon_seeds":4,"minecraft:coal":18,"minecraft:ender_pearl":4},"minecraft:killed_by":{"minecraft:wither_skeleton":2,"mutantmonsters:mutant_creeper":2,"minecraft:cave_spider":1,"royalvariations:royal_zombie":1,"orcz:orcsavageweird":2,"minecraft:spider":1,"born_in_chaos_v1:swarmer":1,"minecraft:warden":1,"minecraft:skeleton":1}},"DataVersion":3120}