{"stats":{"minecraft:custom":{"minecraft:time_since_rest":8370,"minecraft:sprint_one_cm":77013,"minecraft:damage_taken":3217,"minecraft:walk_one_cm":82326,"minecraft:mob_kills":2,"minecraft:drop":15,"minecraft:damage_dealt":348,"minecraft:interact_with_crafting_table":5,"minecraft:fly_one_cm":81944,"minecraft:open_chest":25,"minecraft:crouch_one_cm":134,"minecraft:play_time":40630,"tombstone:undead_killed":2,"minecraft:deaths":9,"minecraft:sneak_time":51,"minecraft:jump":435,"minecraft:damage_dealt_resisted":6,"minecraft:time_since_death":8737,"minecraft:total_world_time":40630,"minecraft:climb_one_cm":1431,"minecraft:fall_one_cm":14864},"minecraft:dropped":{"minecraft:bread":40,"minecraft:dirt":1,"minecraft:sunflower":1,"minecraft:emerald":98},"minecraft:used":{"minecraft:bread":5,"minecraft:iron_pickaxe":186,"minecraft:chest":2,"minecraft:dark_oak_wood":1,"evilcraft:box_of_eternal_closure":1,"tombstone:grave_key":2,"minecraft:cobblestone":2,"minecraft:iron_chestplate":1,"minecraft:torch":16,"minecraft:diamond_sword":7,"minecraft:dirt":10,"minecraft:golden_carrot":1,"minecraft:crafting_table":3,"tombstone:scroll_of_aquatic_life":1,"minecraft:bucket":2,"tombstone:gift":3,"alexsmobs:animal_dictionary":1},"minecraft:picked_up":{"minecraft:book":83,"minecraft:raw_iron":7,"minecraft:stick":2,"minecraft:crafting_table":3,"magistuarmory:rustedkettlehat":1,"minecraft:oak_log":2,"magistuarmory:rustedgreathelm":1,"minecraft:dirt":14,"minecraft:raw_copper":21,"minecraft:rotten_flesh":1,"graveyard:corruption":1,"minecraft:spruce_planks":2,"minecraft:bread":30,"minecraft:emerald":98,"minecraft:chest":2,"minecraft:dark_oak_wood":1,"minecraft:coal":41,"minecraft:cobblestone":134,"minecraft:sunflower":1},"minecraft:crafted":{"minecraft:oak_planks":8,"minecraft:diamond_sword":1,"minecraft:diamond_pickaxe":1,"minecraft:crafting_table":1,"minecraft:stick":8,"minecraft:iron_pickaxe":1,"minecraft:torch":20},"minecraft:killed":{"minecraft:zombie":2},"minecraft:mined":{"minecraft:spruce_planks":2,"minecraft:iron_ore":7,"minecraft:crafting_table":3,"minecraft:coal_ore":40,"minecraft:dark_oak_wood":1,"minecraft:oak_log":2,"minecraft:bookshelf":28,"minecraft:grass_block":5,"minecraft:chest":2,"minecraft:cyan_carpet":1,"minecraft:dirt":8,"minecraft:copper_ore":5,"minecraft:tall_grass":1,"minecraft:stone":134,"biomesoplenty:spider_egg":1,"minecraft:oak_leaves":7},"minecraft:killed_by":{"minecraft:cave_spider":4,"minecraft:wither_skeleton":2,"ancient_elements:stone_golem":1,"graveyard:ghoul":1,"minecraft:zombie":1}},"DataVersion":3120}