{"stats":{"minecraft:custom":{"minecraft:jump":54,"minecraft:open_chest":2,"minecraft:time_since_rest":1,"minecraft:deaths":1,"minecraft:damage_taken":275,"minecraft:sprint_one_cm":7700,"minecraft:play_time":4630,"minecraft:time_since_death":147,"minecraft:walk_one_cm":6531,"minecraft:total_world_time":4630,"minecraft:fall_one_cm":1850,"minecraft:fly_one_cm":11205},"minecraft:used":{"minecraft:iron_chestplate":1,"alexsmobs:animal_dictionary":1,"minecraft:dirt":3},"minecraft:picked_up":{"minecraft:dark_oak_wood":1,"minecraft:dirt":8},"minecraft:mined":{"minecraft:dark_oak_wood":1,"minecraft:grass_block":2,"minecraft:dirt":6},"minecraft:killed_by":{"minecraft:cave_spider":1}},"DataVersion":3120}