{"stats":{"minecraft:custom":{"minecraft:time_since_rest":11232,"minecraft:sprint_one_cm":66427,"minecraft:damage_taken":2895,"minecraft:walk_one_cm":61225,"minecraft:drop":14,"minecraft:damage_dealt":4,"minecraft:fly_one_cm":72867,"minecraft:open_chest":25,"minecraft:crouch_one_cm":94,"minecraft:play_time":28630,"minecraft:deaths":8,"minecraft:sneak_time":35,"minecraft:jump":350,"minecraft:damage_dealt_resisted":6,"minecraft:time_since_death":11606,"minecraft:total_world_time":28630,"minecraft:climb_one_cm":1431,"minecraft:fall_one_cm":12424},"minecraft:dropped":{"minecraft:bread":40,"minecraft:dirt":1,"minecraft:emerald":98},"minecraft:used":{"minecraft:bread":4,"minecraft:chest":2,"minecraft:dark_oak_wood":1,"tombstone:grave_key":2,"minecraft:iron_chestplate":1,"minecraft:torch":16,"minecraft:dirt":8,"tombstone:scroll_of_aquatic_life":1,"minecraft:bucket":2,"tombstone:gift":3,"alexsmobs:animal_dictionary":1},"minecraft:picked_up":{"minecraft:book":83,"minecraft:dirt":12,"minecraft:spruce_planks":2,"minecraft:bread":30,"minecraft:emerald":98,"minecraft:chest":2,"minecraft:dark_oak_wood":1,"minecraft:coal":1},"minecraft:crafted":{"minecraft:stick":4,"minecraft:torch":16},"minecraft:mined":{"minecraft:spruce_planks":2,"minecraft:dark_oak_wood":1,"minecraft:bookshelf":28,"minecraft:grass_block":4,"minecraft:chest":2,"minecraft:cyan_carpet":1,"minecraft:dirt":8,"minecraft:tall_grass":1,"biomesoplenty:spider_egg":1},"minecraft:killed_by":{"minecraft:cave_spider":4,"minecraft:wither_skeleton":2,"ancient_elements:stone_golem":1,"graveyard:ghoul":1}},"DataVersion":3120}