{"stats":{"minecraft:broken":{"minecraft:iron_pickaxe":1},"minecraft:custom":{"minecraft:mob_kills":6,"minecraft:interact_with_crafting_table":5,"goblintraders:trade_with_goblin":61,"minecraft:damage_dealt_resisted":6,"minecraft:time_since_death":32737,"minecraft:climb_one_cm":1431,"minecraft:time_since_rest":32370,"minecraft:sprint_one_cm":81136,"minecraft:damage_taken":3508,"minecraft:walk_one_cm":125164,"minecraft:drop":15,"minecraft:damage_dealt":1059,"minecraft:fly_one_cm":84486,"minecraft:open_chest":29,"minecraft:crouch_one_cm":227,"minecraft:play_time":64630,"tombstone:undead_killed":2,"minecraft:deaths":9,"minecraft:sneak_time":132,"minecraft:jump":485,"minecraft:total_world_time":64630,"minecraft:fall_one_cm":14864},"minecraft:dropped":{"minecraft:bread":40,"minecraft:emerald":98,"minecraft:dirt":1,"minecraft:sunflower":1},"minecraft:used":{"minecraft:chest":2,"scalinghealth:chance_heart":1,"minecraft:iron_chestplate":1,"minecraft:torch":29,"minecraft:dirt":10,"minecraft:crafting_table":3,"tombstone:scroll_of_aquatic_life":1,"minecraft:diamond_pickaxe":547,"minecraft:bread":5,"minecraft:iron_pickaxe":250,"minecraft:dark_oak_wood":1,"tombstone:grave_key":2,"evilcraft:box_of_eternal_closure":1,"minecraft:diamond_sword":21,"minecraft:golden_carrot":3,"minecraft:cobblestone":50,"minecraft:bucket":2,"tombstone:gift":3,"alexsmobs:animal_dictionary":1,"minecraft:cobbled_deepslate":8},"minecraft:picked_up":{"minecraft:crafting_table":3,"minecraft:andesite":17,"ancient_elements:raw_lead":1,"minecraft:flint":2,"minecraft:tuff":3,"minecraft:oak_log":2,"minecraft:string":3,"minecraft:dirt":26,"minecraft:raw_copper":32,"minecraft:apple":2,"graveyard:corruption":1,"minecraft:cobbled_deepslate":213,"minecraft:spruce_planks":2,"minecraft:chest":2,"minecraft:book":83,"minecraft:stick":2,"minecraft:raw_iron":75,"minecraft:torch":13,"minecraft:gravel":13,"ancient_elements:raw_tin":1,"magistuarmory:rustedkettlehat":1,"minecraft:diorite":21,"magistuarmory:rustedgreathelm":1,"minecraft:spider_eye":1,"minecraft:rotten_flesh":1,"minecraft:diamond":26,"minecraft:granite":19,"minecraft:emerald":98,"minecraft:bread":30,"minecraft:dark_oak_wood":1,"minecraft:coal":41,"minecraft:cobblestone":336,"minecraft:sunflower":1},"minecraft:crafted":{"minecraft:oak_planks":8,"minecraft:diamond_sword":1,"minecraft:emerald":1,"minecraft:crafting_table":1,"minecraft:copper_ingot":60,"minecraft:air":0,"minecraft:diamond_pickaxe":1,"minecraft:stick":8,"minecraft:iron_ingot":60,"minecraft:iron_pickaxe":1,"minecraft:torch":20},"minecraft:killed":{"minecraft:spider":3,"minecraft:zombie":2,"goblintraders:goblin_trader":1},"minecraft:mined":{"minecraft:diamond_ore":6,"minecraft:tuff":4,"minecraft:spruce_planks":2,"ancient_elements:lead_ore":1,"minecraft:deepslate_diamond_ore":20,"minecraft:crafting_table":3,"minecraft:torch":2,"minecraft:granite":19,"minecraft:dark_oak_wood":1,"minecraft:grass_block":5,"minecraft:chest":3,"ancient_elements:deepslate_tin_ore":1,"minecraft:tall_grass":1,"minecraft:copper_ore":10,"minecraft:cobblestone":14,"minecraft:diorite":21,"minecraft:wall_torch":7,"minecraft:spawner":2,"minecraft:iron_ore":67,"minecraft:andesite":17,"minecraft:deepslate_iron_ore":8,"minecraft:bookshelf":28,"minecraft:oak_log":2,"minecraft:coal_ore":40,"minecraft:cyan_carpet":1,"minecraft:gravel":13,"minecraft:dirt":20,"biomesoplenty:spider_egg":1,"minecraft:stone":328,"minecraft:oak_leaves":7,"minecraft:deepslate":216},"minecraft:killed_by":{"minecraft:cave_spider":4,"minecraft:wither_skeleton":2,"graveyard:ghoul":1,"minecraft:zombie":1,"ancient_elements:stone_golem":1}},"DataVersion":3120}