{"stats":{"minecraft:mined":{"minecraft:diamond_ore":6,"create:deepslate_zinc_ore":7,"minecraft:tuff":49,"minecraft:spruce_planks":2,"ancient_elements:lead_ore":1,"minecraft:deepslate_diamond_ore":76,"minecraft:sculk_vein":1,"minecraft:granite":35,"minecraft:grass_block":6,"born_in_chaos_v1:black_argillite":2,"minecraft:spawner":5,"minecraft:sculk_catalyst":1,"minecraft:iron_ore":78,"minecraft:cobbled_deepslate":1,"minecraft:andesite":68,"ancient_elements:tin_ore":1,"minecraft:deepslate_lapis_ore":4,"minecraft:anvil":1,"minecraft:bookshelf":28,"minecraft:deepslate_iron_ore":20,"ancient_elements:palladium_ore":2,"biomesoplenty:spider_egg":1,"minecraft:stone":657,"minecraft:deepslate_redstone_ore":7,"minecraft:crafting_table":5,"minecraft:torch":21,"minecraft:dark_oak_wood":1,"minecraft:calcite":3,"biomesoplenty:fir_planks":10,"minecraft:chest":3,"create:scoria":13,"minecraft:sculk_sensor":7,"ancient_elements:deepslate_tin_ore":2,"minecraft:tall_grass":1,"minecraft:copper_ore":10,"minecraft:cobblestone":27,"minecraft:lapis_ore":2,"minecraft:oak_planks":2,"minecraft:sculk":41,"minecraft:diorite":74,"minecraft:wall_torch":28,"minecraft:amethyst_block":3,"minecraft:deepslate_copper_ore":1,"minecraft:magenta_bed":1,"minecraft:gray_bed":1,"biomesoplenty:fir_log":60,"minecraft:oak_log":2,"minecraft:coal_ore":48,"biomesoplenty:fir_leaves":26,"minecraft:gravel":39,"minecraft:cyan_carpet":1,"minecraft:dirt":34,"minecraft:cobweb":2,"evilcraft:bloody_cobblestone":7,"minecraft:chipped_anvil":2,"minecraft:oak_leaves":7,"minecraft:deepslate":794},"minecraft:crafted":{"minecraft:oak_planks":8,"minecraft:diamond_helmet":1,"minecraft:diamond_leggings":1,"minecraft:diamond_boots":1,"minecraft:diamond_sword":1,"minecraft:emerald":1,"minecraft:crafting_table":1,"minecraft:copper_ingot":60,"minecraft:air":0,"biomesoplenty:fir_planks":208,"minecraft:diamond_pickaxe":2,"minecraft:stick":12,"minecraft:iron_ingot":124,"minecraft:iron_pickaxe":1,"minecraft:torch":20,"minecraft:diamond_chestplate":1},"minecraft:custom":{"minecraft:mob_kills":69,"minecraft:interact_with_anvil":1,"minecraft:interact_with_crafting_table":11,"minecraft:open_barrel":14,"goblintraders:trade_with_goblin":61,"minecraft:damage_dealt_resisted":66,"minecraft:leave_game":2,"minecraft:time_since_death":57640,"minecraft:climb_one_cm":1627,"minecraft:sprint_one_cm":162908,"minecraft:walk_one_cm":345406,"minecraft:drop":39,"minecraft:play_time":184916,"minecraft:deaths":10,"minecraft:sneak_time":2834,"minecraft:walk_under_water_one_cm":59,"minecraft:jump":1486,"minecraft:interact_with_blast_furnace":13,"minecraft:walk_on_water_one_cm":672,"minecraft:total_world_time":184916,"minecraft:interact_with_furnace":2,"minecraft:sleep_in_bed":1,"minecraft:time_since_rest":1326,"minecraft:damage_taken":6823,"minecraft:damage_dealt":13002,"minecraft:fly_one_cm":266796,"minecraft:open_chest":39,"minecraft:crouch_one_cm":7662,"tombstone:undead_killed":38,"minecraft:fall_one_cm":38884},"minecraft:killed":{"born_in_chaos_v1:zombie_clown":1,"minecraft:spider":15,"royalvariations:royal_skeleton":1,"born_in_chaos_v1:zombie_bruiser":1,"born_in_chaos_v1:maggot":5,"minecraft:skeleton":5,"graveyard:reaper":1,"goblintraders:goblin_trader":1,"artifacts:mimic":4,"minecraft:creeper":1,"born_in_chaos_v1:decrepit_skeleton":2,"minecraft:zombie":28},"minecraft:used":{"minecraft:chest":2,"minecraft:iron_chestplate":1,"minecraft:torch":71,"minecraft:dirt":10,"scalinghealth:heart_crystal":7,"tombstone:scroll_of_aquatic_life":1,"minecraft:dark_oak_wood":1,"evilcraft:box_of_eternal_closure":2,"minecraft:diamond_chestplate":1,"minecraft:golden_carrot":17,"minecraft:bow":17,"minecraft:gray_bed":1,"tombstone:gift":3,"minecraft:cobbled_deepslate":76,"minecraft:diorite":5,"minecraft:diamond_boots":1,"scalinghealth:chance_heart":1,"biomesoplenty:fir_planks":218,"minecraft:crafting_table":6,"tombstone:bag_of_seeds":2,"minecraft:diamond_pickaxe":1883,"minecraft:apple":2,"minecraft:bread":5,"minecraft:iron_pickaxe":250,"tombstone:grave_key":2,"minecraft:diamond_sword":243,"minecraft:cobblestone":63,"minecraft:bucket":2,"minecraft:pumpkin_pie":1,"alexsmobs:animal_dictionary":1,"biomesoplenty:fir_log":2},"minecraft:dropped":{"minecraft:bread":40,"born_in_chaos_v1:intoxicating_decoction":1,"minecraft:cobblestone":90,"minecraft:granite":20,"minecraft:emerald":98,"minecraft:diamond_horse_armor":1,"minecraft:dirt":1,"scalinghealth:heart_crystal":1,"magistuarmory:rusted_bastardsword":1,"minecraft:sunflower":1,"minecraft:string":2,"magistuarmory:rustedchainmail_leggings":1,"minecraft:cobbled_deepslate":2,"minecraft:cocoa_beans":1,"minecraft:tuff":11,"minecraft:rotten_flesh":21,"minecraft:pumpkin_seeds":1,"evilcraft:bloody_cobblestone":1,"minecraft:spider_eye":1},"minecraft:broken":{"minecraft:iron_pickaxe":1},"minecraft:picked_up":{"minecraft:cocoa_beans":4,"minecraft:crafting_table":5,"minecraft:anvil":1,"minecraft:string":5,"minecraft:raw_copper":32,"artifacts:feral_claws":1,"born_in_chaos_v1:intoxicating_decoction":1,"graveyard:corruption":1,"minecraft:cobbled_deepslate":539,"biomesoplenty:fir_planks":10,"minecraft:spruce_planks":2,"minecraft:chest":2,"minecraft:stick":2,"minecraft:raw_iron":97,"artifacts:charm_of_sinking":1,"minecraft:torch":56,"artifacts:vampiric_glove":1,"magistuarmory:rusted_heavymace":1,"ancient_elements:raw_tin":1,"magistuarmory:rustedkettlehat":2,"tombstone:grave_dust":4,"minecraft:diorite":26,"minecraft:redstone":33,"minecraft:rotten_flesh":22,"minecraft:arrow":13,"artifacts:cross_necklace":1,"minecraft:cobblestone":517,"minecraft:andesite":17,"biomesoplenty:fir_sapling":5,"biomesoplenty:fir_log":74,"ancient_elements:raw_lead":1,"minecraft:flint":6,"minecraft:tuff":36,"minecraft:oak_log":2,"minecraft:magenta_bed":1,"scalinghealth:heart_crystal":6,"minecraft:lapis_lazuli":38,"minecraft:dirt":26,"minecraft:bone":10,"minecraft:chipped_anvil":2,"minecraft:apple":2,"evilcraft:bloody_cobblestone":5,"minecraft:bow":1,"minecraft:iron_ingot":1,"tombstone:bag_of_seeds":1,"minecraft:gray_bed":1,"minecraft:soul_sand":1,"minecraft:oak_planks":2,"minecraft:book":83,"minecraft:gravel":29,"magistuarmory:rustedchainmail_leggings":1,"magistuarmory:rustedgreathelm":1,"minecraft:spider_eye":2,"minecraft:bundle":1,"minecraft:pumpkin_seeds":1,"minecraft:diamond":82,"magistuarmory:rusted_bastardsword":2,"minecraft:granite":20,"minecraft:emerald":98,"minecraft:bread":30,"minecraft:dark_oak_wood":1,"minecraft:coal":49,"minecraft:sunflower":1},"minecraft:killed_by":{"minecraft:wither_skeleton":2,"graveyard:ghoul":1,"minecraft:cave_spider":4,"minecraft:zombie":1,"cave_dweller:cave_dweller":1,"ancient_elements:stone_golem":1}},"DataVersion":3120}