{"stats":{"minecraft:broken":{"minecraft:iron_pickaxe":1},"minecraft:custom":{"minecraft:mob_kills":14,"minecraft:interact_with_crafting_table":7,"minecraft:open_barrel":4,"goblintraders:trade_with_goblin":61,"minecraft:damage_dealt_resisted":6,"minecraft:time_since_death":80737,"minecraft:climb_one_cm":1431,"minecraft:time_since_rest":80370,"minecraft:sprint_one_cm":120431,"minecraft:damage_taken":4219,"minecraft:walk_one_cm":222497,"minecraft:drop":17,"minecraft:damage_dealt":3670,"minecraft:fly_one_cm":112548,"minecraft:open_chest":35,"minecraft:crouch_one_cm":4372,"minecraft:play_time":112630,"tombstone:undead_killed":5,"minecraft:deaths":9,"minecraft:sneak_time":1712,"minecraft:jump":897,"minecraft:interact_with_blast_furnace":7,"minecraft:total_world_time":112630,"minecraft:fall_one_cm":22071},"minecraft:dropped":{"minecraft:bread":40,"minecraft:tuff":11,"minecraft:granite":20,"minecraft:emerald":98,"minecraft:dirt":1,"minecraft:sunflower":1},"minecraft:used":{"minecraft:chest":2,"scalinghealth:chance_heart":1,"minecraft:iron_chestplate":1,"minecraft:torch":60,"scalinghealth:heart_crystal":1,"minecraft:dirt":10,"minecraft:crafting_table":5,"tombstone:scroll_of_aquatic_life":1,"minecraft:diamond_pickaxe":1305,"minecraft:apple":2,"minecraft:bread":5,"minecraft:iron_pickaxe":250,"minecraft:dark_oak_wood":1,"tombstone:grave_key":2,"evilcraft:box_of_eternal_closure":2,"minecraft:diamond_sword":64,"minecraft:golden_carrot":9,"minecraft:cobblestone":50,"minecraft:bucket":2,"tombstone:gift":3,"alexsmobs:animal_dictionary":1,"minecraft:cobbled_deepslate":40},"minecraft:picked_up":{"minecraft:crafting_table":5,"minecraft:andesite":17,"ancient_elements:raw_lead":1,"minecraft:flint":2,"minecraft:tuff":14,"minecraft:oak_log":2,"minecraft:magenta_bed":1,"scalinghealth:heart_crystal":1,"minecraft:lapis_lazuli":38,"minecraft:string":3,"minecraft:dirt":26,"minecraft:raw_copper":32,"artifacts:feral_claws":1,"minecraft:chipped_anvil":2,"evilcraft:bloody_cobblestone":1,"minecraft:apple":2,"graveyard:corruption":1,"minecraft:cobbled_deepslate":442,"minecraft:spruce_planks":2,"minecraft:oak_planks":2,"minecraft:gray_bed":1,"minecraft:chest":2,"minecraft:soul_sand":1,"minecraft:book":83,"minecraft:stick":2,"minecraft:raw_iron":94,"artifacts:charm_of_sinking":1,"minecraft:torch":45,"artifacts:vampiric_glove":1,"minecraft:gravel":29,"ancient_elements:raw_tin":1,"magistuarmory:rustedkettlehat":1,"minecraft:diorite":21,"minecraft:redstone":33,"magistuarmory:rustedgreathelm":1,"minecraft:spider_eye":1,"minecraft:rotten_flesh":1,"minecraft:diamond":76,"minecraft:granite":20,"minecraft:emerald":98,"minecraft:bread":30,"minecraft:dark_oak_wood":1,"minecraft:coal":41,"minecraft:cobblestone":374,"minecraft:sunflower":1},"minecraft:crafted":{"minecraft:oak_planks":8,"minecraft:diamond_sword":1,"minecraft:emerald":1,"minecraft:crafting_table":1,"minecraft:copper_ingot":60,"minecraft:air":0,"minecraft:diamond_pickaxe":2,"minecraft:stick":12,"minecraft:iron_ingot":100,"minecraft:iron_pickaxe":1,"minecraft:torch":20},"minecraft:killed":{"minecraft:spider":4,"born_in_chaos_v1:decrepit_skeleton":2,"minecraft:zombie":3,"graveyard:reaper":1,"goblintraders:goblin_trader":1,"artifacts:mimic":3},"minecraft:mined":{"minecraft:deepslate_redstone_ore":7,"minecraft:diamond_ore":6,"create:deepslate_zinc_ore":7,"minecraft:tuff":26,"minecraft:spruce_planks":2,"ancient_elements:lead_ore":1,"minecraft:deepslate_diamond_ore":70,"minecraft:sculk_vein":1,"minecraft:crafting_table":5,"minecraft:torch":17,"minecraft:granite":24,"minecraft:dark_oak_wood":1,"born_in_chaos_v1:black_argillite":2,"minecraft:calcite":3,"minecraft:grass_block":5,"create:scoria":13,"minecraft:chest":3,"minecraft:sculk_sensor":7,"ancient_elements:deepslate_tin_ore":2,"minecraft:tall_grass":1,"minecraft:copper_ore":10,"minecraft:cobblestone":23,"minecraft:lapis_ore":2,"minecraft:deepslate_copper_ore":1,"minecraft:oak_planks":2,"minecraft:sculk":41,"minecraft:diorite":50,"minecraft:wall_torch":22,"minecraft:amethyst_block":3,"minecraft:spawner":3,"minecraft:sculk_catalyst":1,"minecraft:iron_ore":76,"minecraft:cobbled_deepslate":1,"minecraft:magenta_bed":1,"minecraft:gray_bed":1,"minecraft:andesite":22,"minecraft:deepslate_lapis_ore":4,"minecraft:deepslate_iron_ore":18,"minecraft:bookshelf":28,"minecraft:oak_log":2,"minecraft:coal_ore":40,"minecraft:cyan_carpet":1,"minecraft:gravel":27,"minecraft:dirt":29,"evilcraft:bloody_cobblestone":2,"biomesoplenty:spider_egg":1,"minecraft:stone":367,"minecraft:chipped_anvil":2,"minecraft:oak_leaves":7,"minecraft:deepslate":663},"minecraft:killed_by":{"minecraft:cave_spider":4,"minecraft:wither_skeleton":2,"graveyard:ghoul":1,"minecraft:zombie":1,"ancient_elements:stone_golem":1}},"DataVersion":3120}