{"stats":{"minecraft:custom":{"minecraft:time_since_rest":1007,"minecraft:open_chest":17,"minecraft:crouch_one_cm":94,"minecraft:play_time":16630,"minecraft:sprint_one_cm":28938,"minecraft:walk_one_cm":36696,"minecraft:damage_taken":2564,"minecraft:deaths":7,"minecraft:sneak_time":20,"minecraft:damage_dealt_resisted":6,"minecraft:jump":165,"minecraft:damage_dealt":4,"minecraft:time_since_death":1376,"minecraft:total_world_time":16630,"minecraft:fall_one_cm":3656,"minecraft:fly_one_cm":29678},"minecraft:used":{"minecraft:torch":12,"minecraft:iron_chestplate":1,"minecraft:dirt":8,"tombstone:gift":3,"alexsmobs:animal_dictionary":1,"minecraft:dark_oak_wood":1,"tombstone:grave_key":2},"minecraft:picked_up":{"minecraft:spruce_planks":2,"minecraft:dark_oak_wood":1,"minecraft:dirt":8,"minecraft:book":45},"minecraft:crafted":{"minecraft:torch":16,"minecraft:stick":4},"minecraft:mined":{"minecraft:bookshelf":15,"minecraft:dark_oak_wood":1,"minecraft:grass_block":2,"minecraft:spruce_planks":2,"minecraft:dirt":6},"minecraft:killed_by":{"ancient_elements:stone_golem":1,"graveyard:ghoul":1,"minecraft:cave_spider":3,"minecraft:wither_skeleton":2}},"DataVersion":3120}