{"stats":{"minecraft:broken":{"minecraft:diamond_helmet":1,"minecraft:iron_pickaxe":1},"minecraft:custom":{"minecraft:interact_with_anvil":1,"minecraft:mob_kills":188,"minecraft:interact_with_crafting_table":13,"minecraft:open_barrel":49,"goblintraders:trade_with_goblin":61,"minecraft:bell_ring":4,"minecraft:damage_dealt_resisted":7618,"minecraft:leave_game":4,"minecraft:time_since_death":104671,"minecraft:climb_one_cm":1627,"minecraft:sprint_one_cm":248666,"minecraft:walk_one_cm":434930,"minecraft:drop":50,"minecraft:talked_to_villager":8,"minecraft:play_time":309442,"minecraft:sneak_time":5236,"minecraft:deaths":12,"minecraft:walk_under_water_one_cm":113448,"minecraft:jump":1728,"minecraft:interact_with_blast_furnace":13,"minecraft:walk_on_water_one_cm":14720,"minecraft:total_world_time":309442,"minecraft:interact_with_furnace":5,"minecraft:sleep_in_bed":1,"minecraft:time_since_rest":104183,"minecraft:damage_taken":12152,"minecraft:trigger_trapped_chest":1,"minecraft:damage_dealt":42856,"minecraft:swim_one_cm":875,"minecraft:fly_one_cm":1750730,"minecraft:open_chest":156,"minecraft:crouch_one_cm":11453,"tombstone:undead_killed":103,"minecraft:fall_one_cm":69666},"minecraft:dropped":{"minecraft:bread":41,"born_in_chaos_v1:intoxicating_decoction":1,"minecraft:cobbled_deepslate_stairs":1,"minecraft:dark_oak_slab":1,"minecraft:cobblestone":91,"minecraft:granite":20,"minecraft:emerald":98,"minecraft:diamond_horse_armor":1,"minecraft:dirt":1,"born_in_chaos_v1:black_argillite":1,"scalinghealth:heart_crystal":1,"magistuarmory:rusted_bastardsword":1,"minecraft:chain":1,"minecraft:sunflower":1,"minecraft:string":2,"minecraft:bone":2,"magistuarmory:rustedchainmail_leggings":1,"minecraft:cobbled_deepslate":2,"minecraft:cocoa_beans":1,"minecraft:tuff":11,"minecraft:deepslate_brick_slab":1,"minecraft:rotten_flesh":22,"minecraft:pumpkin_seeds":1,"evilcraft:bloody_cobblestone":1,"minecraft:stone_bricks":1,"minecraft:spider_eye":2},"minecraft:used":{"minecraft:chest":4,"travelersbackpack:bat":2,"minecraft:iron_chestplate":1,"minecraft:torch":106,"scalinghealth:heart_crystal":11,"minecraft:dirt":10,"minecraft:anvil":1,"tombstone:scroll_of_aquatic_life":1,"evilcraft:box_of_eternal_closure":2,"minecraft:dark_oak_wood":1,"minecraft:dark_oak_slab":1,"minecraft:diamond_chestplate":1,"minecraft:golden_carrot":18,"minecraft:bow":30,"minecraft:gray_bed":1,"tombstone:gift":5,"minecraft:cobbled_deepslate":76,"minecraft:diorite":5,"minecraft:diamond_boots":1,"minecraft:baked_potato":7,"scalinghealth:chance_heart":1,"biomesoplenty:fir_planks":218,"minecraft:glow_berries":4,"minecraft:sand":7,"minecraft:crafting_table":7,"tombstone:bag_of_seeds":2,"minecraft:diamond_pickaxe":2087,"minecraft:apple":2,"minecraft:bread":8,"minecraft:iron_pickaxe":250,"tombstone:grave_key":2,"minecraft:diamond_sword":851,"minecraft:cobblestone":64,"minecraft:bucket":2,"alexsmobs:animal_dictionary":1,"minecraft:pumpkin_pie":1,"neapolitan:chocolate_bar":3,"biomesoplenty:fir_log":2},"minecraft:picked_up":{"minecraft:cocoa_beans":4,"minecraft:crafting_table":5,"minecraft:anvil":1,"minecraft:gold_block":1,"minecraft:chain":2,"born_in_chaos_v1:black_argillite":2,"minecraft:string":7,"minecraft:raw_copper":32,"artifacts:feral_claws":1,"born_in_chaos_v1:intoxicating_decoction":1,"graveyard:corruption":1,"minecraft:cobbled_deepslate":539,"bosses_of_mass_destruction:soul_star":1,"biomesoplenty:fir_planks":10,"minecraft:spruce_planks":2,"minecraft:coal_block":2,"minecraft:chest":2,"minecraft:iron_boots":1,"minecraft:stick":2,"minecraft:raw_iron":97,"minecraft:sandstone":1,"artifacts:charm_of_sinking":1,"minecraft:torch":71,"artifacts:vampiric_glove":1,"magistuarmory:rusted_heavymace":1,"ancient_elements:raw_tin":1,"orcz:orchorn":1,"magistuarmory:rustedkettlehat":2,"tombstone:grave_dust":9,"minecraft:diorite":26,"minecraft:redstone":33,"minecraft:rotten_flesh":43,"minecraft:arrow":47,"biomesoplenty:orange_sandstone":3,"artifacts:cross_necklace":1,"tombstone:essence_of_undeath":1,"minecraft:deepslate_brick_stairs":1,"minecraft:iron_bars":2,"minecraft:cobblestone":534,"minecraft:enchanting_table":1,"orcz:orcteeth":20,"minecraft:andesite":17,"minecraft:cut_sandstone":2,"biomesoplenty:fir_sapling":5,"biomesoplenty:fir_log":74,"ancient_elements:raw_lead":1,"minecraft:flint":6,"minecraft:tuff":36,"minecraft:oak_log":2,"scalinghealth:bandages":4,"minecraft:magenta_bed":1,"minecraft:cobbled_deepslate_stairs":1,"scalinghealth:heart_crystal":10,"minecraft:lapis_lazuli":38,"minecraft:dirt":28,"minecraft:bone":40,"minecraft:chipped_anvil":2,"evilcraft:bloody_cobblestone":5,"minecraft:apple":2,"minecraft:stone_bricks":1,"minecraft:bow":1,"minecraft:deepslate_brick_slab":1,"minecraft:iron_ingot":2,"tombstone:bag_of_seeds":1,"minecraft:gray_bed":1,"minecraft:oak_planks":2,"minecraft:soul_sand":1,"minecraft:book":83,"minecraft:dark_oak_slab":2,"born_in_chaos_v1:ethereal_spirit":8,"minecraft:gravel":29,"minecraft:sand":26,"minecraft:jungle_planks":2,"magistuarmory:rustedchainmail_leggings":2,"magistuarmory:rustedgreathelm":1,"minecraft:jungle_slab":1,"minecraft:spider_eye":4,"mowziesmobs:naga_fang":1,"minecraft:bundle":1,"cataclysm:lionfish":1,"minecraft:pumpkin_seeds":1,"minecraft:diamond":89,"magistuarmory:rusted_bastardsword":2,"minecraft:granite":20,"minecraft:emerald":98,"minecraft:bread":31,"minecraft:dark_oak_wood":1,"minecraft:coal":50,"minecraft:ender_pearl":1,"minecraft:sunflower":1},"minecraft:crafted":{"minecraft:oak_planks":8,"minecraft:coal":9,"minecraft:diamond_helmet":1,"minecraft:diamond_leggings":1,"minecraft:chest":2,"minecraft:diamond_boots":1,"minecraft:diamond_sword":1,"minecraft:emerald":1,"minecraft:crafting_table":2,"minecraft:copper_ingot":60,"minecraft:air":0,"biomesoplenty:fir_planks":228,"minecraft:diamond_pickaxe":2,"minecraft:stick":12,"minecraft:iron_ingot":124,"minecraft:iron_pickaxe":1,"minecraft:torch":20,"minecraft:diamond_chestplate":1},"minecraft:killed":{"born_in_chaos_v1:zombie_clown":1,"minecraft:cave_spider":1,"orcz:goblinshield":2,"born_in_chaos_v1:zombie_lumberjack":2,"born_in_chaos_v1:restless_spirit":6,"graveyard:nightmare":1,"born_in_chaos_v1:door_knight_not_despawn":1,"minecraft:spider":22,"royalvariations:royal_skeleton":1,"born_in_chaos_v1:zombie_bruiser":2,"born_in_chaos_v1:maggot":16,"minecraft:skeleton":38,"graveyard:reaper":1,"minecraft:drowned":4,"cataclysm:lionfish":1,"orcz:orcsavagemace":2,"goblintraders:goblin_trader":1,"artifacts:mimic":4,"cataclysm:deepling_angler":1,"alexsmobs:guster":2,"orcz:goblinsavagemace":1,"minecraft:creeper":2,"born_in_chaos_v1:decrepit_skeleton":6,"minecraft:zombie":45,"born_in_chaos_v1:dread_hound":1,"born_in_chaos_v1:dark_vortex":1,"minecraft:stray":2,"orcz:bigorcboss":2,"cave_dweller:cave_dweller":3,"orcz:snot":1,"minecraft:wither_skeleton":1,"orcz:orcsavage_2sword":2,"orcz:goblin_2sword":1,"orcz:orcshield":2,"minecraft:enderman":1,"mowziesmobs:naga":2},"minecraft:mined":{"minecraft:dark_oak_planks":1,"minecraft:diamond_ore":6,"create:deepslate_zinc_ore":7,"minecraft:tuff":49,"minecraft:spruce_planks":2,"ancient_elements:lead_ore":3,"minecraft:deepslate_diamond_ore":77,"minecraft:cobbled_deepslate_stairs":1,"minecraft:jungle_slab":1,"minecraft:sculk_vein":1,"minecraft:nether_bricks":8,"minecraft:granite":37,"minecraft:grass_block":7,"minecraft:jungle_planks":2,"born_in_chaos_v1:black_argillite":5,"minecraft:coal_block":2,"biomesoplenty:orange_sandstone":3,"minecraft:sandstone":14,"minecraft:chiseled_stone_bricks":1,"minecraft:spawner":27,"minecraft:deepslate_brick_slab":1,"minecraft:sculk_catalyst":1,"minecraft:fire":1,"minecraft:iron_ore":78,"minecraft:cobbled_deepslate":1,"minecraft:andesite":75,"ancient_elements:tin_ore":2,"minecraft:anvil":1,"minecraft:deepslate_lapis_ore":4,"minecraft:nether_brick_stairs":1,"minecraft:enchanting_table":1,"minecraft:dark_oak_stairs":1,"minecraft:iron_bars":11,"minecraft:bookshelf":28,"minecraft:deepslate_iron_ore":20,"ancient_elements:palladium_ore":2,"minecraft:deepslate_brick_stairs":1,"biomesoplenty:spider_egg":1,"minecraft:stone":741,"minecraft:deepslate_redstone_ore":7,"minecraft:cut_sandstone":3,"minecraft:crafting_table":5,"minecraft:torch":21,"minecraft:dark_oak_wood":1,"minecraft:calcite":3,"biomesoplenty:fir_planks":10,"minecraft:chest":7,"create:scoria":13,"minecraft:sculk_sensor":7,"ancient_elements:deepslate_tin_ore":2,"minecraft:copper_ore":10,"minecraft:tall_grass":1,"minecraft:cobblestone":27,"minecraft:lapis_ore":2,"minecraft:oak_planks":2,"minecraft:sculk":41,"minecraft:diorite":82,"minecraft:wall_torch":29,"minecraft:amethyst_block":3,"minecraft:deepslate_copper_ore":1,"minecraft:dark_oak_slab":1,"minecraft:magenta_bed":1,"minecraft:gray_bed":1,"biomesoplenty:fir_log":60,"minecraft:oak_log":2,"minecraft:coal_ore":48,"biomesoplenty:fir_leaves":26,"minecraft:cyan_carpet":1,"minecraft:gravel":39,"minecraft:sand":22,"minecraft:dirt":35,"minecraft:cobweb":2,"minecraft:raw_copper_block":1,"evilcraft:bloody_cobblestone":7,"minecraft:stone_bricks":1,"minecraft:chipped_anvil":2,"minecraft:oak_leaves":7,"minecraft:deepslate":807},"minecraft:killed_by":{"minecraft:wither_skeleton":2,"graveyard:ghoul":1,"minecraft:cave_spider":4,"minecraft:zombie":1,"cave_dweller:cave_dweller":1,"ancient_elements:stone_golem":1}},"DataVersion":3120}