{"stats":{"minecraft:broken":{"minecraft:iron_pickaxe":1},"minecraft:custom":{"minecraft:mob_kills":2,"minecraft:interact_with_crafting_table":5,"minecraft:damage_dealt_resisted":6,"minecraft:time_since_death":20737,"minecraft:climb_one_cm":1431,"minecraft:time_since_rest":20370,"minecraft:sprint_one_cm":78410,"minecraft:damage_taken":3217,"minecraft:walk_one_cm":104753,"minecraft:drop":15,"minecraft:damage_dealt":348,"minecraft:fly_one_cm":82013,"minecraft:open_chest":25,"minecraft:crouch_one_cm":167,"minecraft:play_time":52630,"tombstone:undead_killed":2,"minecraft:deaths":9,"minecraft:sneak_time":72,"minecraft:jump":450,"minecraft:total_world_time":52630,"minecraft:fall_one_cm":14864},"minecraft:dropped":{"minecraft:bread":40,"minecraft:emerald":98,"minecraft:dirt":1,"minecraft:sunflower":1},"minecraft:used":{"minecraft:chest":2,"minecraft:iron_chestplate":1,"minecraft:torch":23,"minecraft:dirt":10,"minecraft:crafting_table":3,"tombstone:scroll_of_aquatic_life":1,"minecraft:diamond_pickaxe":335,"minecraft:bread":5,"minecraft:iron_pickaxe":250,"minecraft:dark_oak_wood":1,"tombstone:grave_key":2,"evilcraft:box_of_eternal_closure":1,"minecraft:diamond_sword":7,"minecraft:golden_carrot":2,"minecraft:cobblestone":11,"minecraft:bucket":2,"tombstone:gift":3,"alexsmobs:animal_dictionary":1},"minecraft:picked_up":{"minecraft:crafting_table":3,"minecraft:andesite":17,"ancient_elements:raw_lead":1,"minecraft:flint":2,"minecraft:oak_log":2,"minecraft:dirt":26,"minecraft:raw_copper":32,"graveyard:corruption":1,"minecraft:cobbled_deepslate":47,"minecraft:spruce_planks":2,"minecraft:chest":2,"minecraft:book":83,"minecraft:stick":2,"minecraft:raw_iron":67,"minecraft:torch":7,"minecraft:gravel":13,"ancient_elements:raw_tin":1,"magistuarmory:rustedkettlehat":1,"minecraft:diorite":21,"magistuarmory:rustedgreathelm":1,"minecraft:rotten_flesh":1,"minecraft:diamond":14,"minecraft:granite":19,"minecraft:emerald":98,"minecraft:bread":30,"minecraft:dark_oak_wood":1,"minecraft:coal":41,"minecraft:cobblestone":323,"minecraft:sunflower":1},"minecraft:crafted":{"minecraft:oak_planks":8,"minecraft:diamond_sword":1,"minecraft:crafting_table":1,"minecraft:diamond_pickaxe":1,"minecraft:stick":8,"minecraft:iron_pickaxe":1,"minecraft:torch":20},"minecraft:killed":{"minecraft:zombie":2},"minecraft:mined":{"minecraft:diamond_ore":6,"minecraft:spruce_planks":2,"ancient_elements:lead_ore":1,"minecraft:deepslate_diamond_ore":8,"minecraft:crafting_table":3,"minecraft:torch":1,"minecraft:granite":19,"minecraft:dark_oak_wood":1,"minecraft:grass_block":5,"minecraft:chest":2,"ancient_elements:deepslate_tin_ore":1,"minecraft:tall_grass":1,"minecraft:copper_ore":10,"minecraft:diorite":21,"minecraft:wall_torch":4,"minecraft:iron_ore":67,"minecraft:andesite":17,"minecraft:bookshelf":28,"minecraft:oak_log":2,"minecraft:coal_ore":40,"minecraft:cyan_carpet":1,"minecraft:gravel":13,"minecraft:dirt":20,"biomesoplenty:spider_egg":1,"minecraft:stone":328,"minecraft:oak_leaves":7,"minecraft:deepslate":47},"minecraft:killed_by":{"minecraft:cave_spider":4,"minecraft:wither_skeleton":2,"graveyard:ghoul":1,"minecraft:zombie":1,"ancient_elements:stone_golem":1}},"DataVersion":3120}