{"stats":{"minecraft:mined":{"minecraft:cobblestone":35,"minecraft:stone":11,"minecraft:spruce_leaves":8,"minecraft:spruce_log":16,"minecraft:crafting_table":1},"minecraft:crafted":{"minecraft:stone_sword":1,"minecraft:stone_axe":1,"minecraft:crafting_table":1,"minecraft:spruce_planks":20,"minecraft:stick":8,"minecraft:wooden_pickaxe":1,"minecraft:stone_pickaxe":1},"minecraft:custom":{"minecraft:time_since_rest":10758,"minecraft:sprint_one_cm":3752,"minecraft:play_time":12036,"minecraft:deaths":1,"minecraft:damage_taken":920,"minecraft:walk_one_cm":13969,"minecraft:jump":56,"minecraft:time_since_death":11008,"minecraft:leave_game":1,"minecraft:total_world_time":12036,"minecraft:interact_with_crafting_table":2,"minecraft:fall_one_cm":10582,"minecraft:fly_one_cm":6803},"minecraft:used":{"minecraft:stone_axe":17,"minecraft:crafting_table":2,"alexsmobs:animal_dictionary":1,"minecraft:wooden_pickaxe":46,"tombstone:grave_key":1},"minecraft:picked_up":{"minecraft:stick":3,"minecraft:crafting_table":1,"minecraft:spruce_sapling":1,"minecraft:spruce_log":15,"minecraft:cobblestone":46}},"DataVersion":3120}