{"stats":{"minecraft:mined":{"minecraft:podzol":1,"minecraft:mossy_cobblestone":1,"minecraft:cobbled_deepslate_stairs":1,"biomesoplenty:hanging_cobweb_strand":12,"minecraft:crafting_table":2,"minecraft:grass_block":2,"minecraft:melon":1,"minecraft:cobblestone":37,"minecraft:spruce_leaves":12,"minecraft:wall_torch":1,"minecraft:spawner":2,"minecraft:magma_block":1,"minecraft:furnace":2,"minecraft:iron_ore":49,"minecraft:spruce_log":42,"biomesoplenty:hanging_cobweb":6,"minecraft:grass":2,"minecraft:coal_ore":83,"biomesoplenty:webbing":13,"minecraft:dirt":1,"minecraft:gravel":1,"minecraft:smooth_quartz":2,"biomesoplenty:stringy_cobweb":2,"minecraft:cobweb":5,"minecraft:stone":88,"biomesoplenty:spider_egg":1,"minecraft:netherrack":20,"minecraft:chipped_anvil":1,"minecraft:fern":3},"minecraft:crafted":{"minecraft:cobblestone_slab":18,"minecraft:crafting_table":3,"minecraft:spruce_planks":108,"minecraft:iron_helmet":1,"minecraft:wooden_pickaxe":1,"minecraft:cooked_chicken":3,"minecraft:furnace":3,"minecraft:bucket":1,"minecraft:stone_axe":1,"minecraft:air":0,"minecraft:iron_boots":1,"minecraft:iron_chestplate":1,"minecraft:shield":1,"minecraft:iron_axe":1,"minecraft:stick":40,"born_in_chaos_v1:fried_maggot":6,"minecraft:iron_ingot":35,"minecraft:iron_pickaxe":1,"minecraft:stone_pickaxe":1,"minecraft:stone_sword":1,"minecraft:chest":1,"minecraft:iron_leggings":1,"minecraft:torch":80},"minecraft:killed":{"born_in_chaos_v1:fallen_chaos_knight":1,"minecraft:cave_spider":2,"alexsmobs:raccoon":3,"minecraft:spider":1,"naturalist:robin":1,"born_in_chaos_v1:decrepit_skeleton":1,"born_in_chaos_v1:maggot":2,"minecraft:skeleton":6,"born_in_chaos_v1:dread_hound":1,"minecraft:chicken":3,"born_in_chaos_v1:corpse_fly":6,"naturalist:canary":2},"minecraft:custom":{"minecraft:interact_with_furnace":40,"minecraft:mob_kills":29,"minecraft:interact_with_crafting_table":20,"minecraft:leave_game":4,"minecraft:time_since_death":3341,"minecraft:climb_one_cm":4125,"minecraft:time_since_rest":2573,"minecraft:sprint_one_cm":127527,"minecraft:damage_taken":2817,"minecraft:walk_one_cm":125762,"minecraft:drop":2,"minecraft:damage_dealt":4551,"minecraft:swim_one_cm":2756,"minecraft:fly_one_cm":144204,"minecraft:open_chest":14,"minecraft:play_time":128719,"minecraft:crouch_one_cm":7956,"tombstone:undead_killed":8,"minecraft:deaths":4,"minecraft:sneak_time":3090,"minecraft:walk_under_water_one_cm":7302,"minecraft:jump":1025,"minecraft:walk_on_water_one_cm":10231,"minecraft:total_world_time":128719,"minecraft:fall_one_cm":34721},"minecraft:used":{"minecraft:water_bucket":6,"minecraft:stone_sword":75,"minecraft:stone_pickaxe":141,"minecraft:chest":1,"minecraft:wooden_pickaxe":59,"minecraft:iron_sword":25,"minecraft:cobblestone_slab":18,"born_in_chaos_v1:fried_maggot":6,"minecraft:rotten_flesh":4,"minecraft:iron_chestplate":1,"minecraft:torch":50,"minecraft:mossy_cobblestone":1,"minecraft:dirt":3,"scalinghealth:heart_crystal":2,"minecraft:crafting_table":5,"minecraft:cobbled_deepslate_stairs":1,"alexsmobs:maggot":1,"minecraft:lava_bucket":2,"biomesoplenty:hanging_cobweb":2,"minecraft:iron_pickaxe":111,"minecraft:iron_boots":1,"minecraft:iron_helmet":1,"tombstone:grave_key":1,"minecraft:stone_axe":67,"minecraft:cobblestone":60,"minecraft:furnace":3,"minecraft:bucket":9,"tombstone:gift":2,"alexsmobs:animal_dictionary":1,"minecraft:iron_leggings":2},"minecraft:dropped":{"minecraft:stone_sword":1,"minecraft:stone_pickaxe":1},"minecraft:broken":{"minecraft:stone_pickaxe":1,"minecraft:wooden_pickaxe":1},"minecraft:picked_up":{"born_in_chaos_v1:corpse_maggot":6,"minecraft:magma_block":1,"minecraft:crafting_table":2,"minecraft:feather":8,"minecraft:chicken":3,"born_in_chaos_v1:monster_flesh":1,"minecraft:flint":1,"minecraft:cobbled_deepslate_stairs":1,"scalinghealth:heart_crystal":2,"minecraft:dirt":4,"minecraft:string":10,"born_in_chaos_v1:monster_skin":1,"minecraft:bone":6,"minecraft:chipped_anvil":1,"minecraft:spruce_planks":9,"minecraft:iron_ingot":14,"minecraft:stone_pickaxe":1,"minecraft:smooth_quartz":2,"alexsmobs:raccoon_tail":1,"minecraft:melon_slice":7,"biomesoplenty:hanging_cobweb":23,"minecraft:furnace":2,"minecraft:stick":3,"minecraft:raw_iron":49,"minecraft:torch":1,"minecraft:spruce_sapling":1,"minecraft:spruce_log":41,"born_in_chaos_v1:pieceofdarkmetal":5,"minecraft:spider_eye":1,"minecraft:mossy_cobblestone":1,"magistuarmory:rustedchainmail_helmet":1,"minecraft:stone_sword":1,"minecraft:rotten_flesh":5,"alexsmobs:maggot":1,"tombstone:magic_scroll":1,"minecraft:netherrack":15,"minecraft:coal":95,"minecraft:cobblestone":136},"minecraft:killed_by":{"born_in_chaos_v1:restless_spirit":1,"minecraft:cave_spider":2}},"DataVersion":3120}