{"stats":{"minecraft:mined":{"minecraft:mossy_cobblestone":1,"minecraft:cobbled_deepslate_stairs":1,"minecraft:spruce_fence":1,"minecraft:grass_block":2,"minecraft:coal_block":9,"minecraft:spruce_leaves":12,"minecraft:spawner":2,"minecraft:large_fern":1,"minecraft:magma_block":1,"minecraft:furnace":4,"minecraft:iron_ore":49,"biomesoplenty:hanging_cobweb":6,"minecraft:bookshelf":17,"biomesoplenty:webbing":13,"biomesoplenty:spider_egg":1,"minecraft:stone":88,"minecraft:redstone_wall_torch":1,"minecraft:podzol":1,"biomesoplenty:hanging_cobweb_strand":12,"minecraft:crafting_table":2,"minecraft:melon":1,"minecraft:chest":5,"minecraft:cobblestone":37,"biomesoplenty:sprout":2,"minecraft:wall_torch":1,"minecraft:jukebox":1,"minecraft:spruce_log":42,"minecraft:grass":3,"minecraft:coal_ore":83,"minecraft:smooth_quartz":4,"minecraft:gravel":1,"minecraft:sunflower":1,"minecraft:cyan_carpet":2,"minecraft:dirt":4,"biomesoplenty:stringy_cobweb":2,"minecraft:cobweb":7,"minecraft:netherrack":20,"minecraft:chipped_anvil":1,"minecraft:fern":3},"minecraft:crafted":{"minecraft:cobblestone_slab":18,"minecraft:cooked_chicken":3,"minecraft:furnace":3,"travelersbackpack:white_sleeping_bag":1,"minecraft:iron_boots":1,"minecraft:iron_axe":1,"born_in_chaos_v1:fried_maggot":6,"minecraft:stone_pickaxe":1,"minecraft:chest":3,"minecraft:crafting_table":4,"minecraft:spruce_planks":108,"minecraft:wooden_pickaxe":1,"minecraft:iron_helmet":1,"minecraft:bucket":1,"minecraft:stone_axe":1,"minecraft:air":0,"minecraft:white_wool":3,"minecraft:iron_chestplate":1,"minecraft:shield":1,"minecraft:stick":40,"minecraft:iron_ingot":35,"minecraft:iron_pickaxe":1,"minecraft:stone_sword":1,"minecraft:iron_leggings":1,"minecraft:torch":140},"minecraft:killed":{"minecraft:cave_spider":3,"alexsmobs:raccoon":3,"minecraft:spider":3,"naturalist:robin":1,"born_in_chaos_v1:maggot":2,"minecraft:skeleton":6,"minecraft:chicken":3,"born_in_chaos_v1:fallen_chaos_knight":1,"minecraft:pig":2,"born_in_chaos_v1:decrepit_skeleton":1,"born_in_chaos_v1:dread_hound":1,"born_in_chaos_v1:corpse_fly":6,"naturalist:canary":2,"minecraft:cow":1},"minecraft:custom":{"minecraft:mob_kills":35,"minecraft:interact_with_crafting_table":24,"minecraft:damage_dealt_resisted":251,"minecraft:leave_game":4,"minecraft:time_since_death":3202,"minecraft:climb_one_cm":4125,"minecraft:sprint_one_cm":170555,"minecraft:walk_one_cm":153236,"minecraft:damage_blocked_by_shield":635,"minecraft:drop":2,"minecraft:play_time":140719,"minecraft:deaths":7,"minecraft:sneak_time":3246,"minecraft:walk_under_water_one_cm":7302,"minecraft:jump":1272,"minecraft:walk_on_water_one_cm":10231,"minecraft:total_world_time":140719,"minecraft:interact_with_furnace":40,"minecraft:sleep_in_bed":3,"minecraft:time_since_rest":2425,"minecraft:damage_taken":3827,"minecraft:damage_dealt":6553,"minecraft:swim_one_cm":2756,"minecraft:fly_one_cm":209080,"minecraft:open_chest":29,"minecraft:crouch_one_cm":8443,"tombstone:undead_killed":8,"minecraft:fall_one_cm":42503},"minecraft:used":{"minecraft:stone_sword":75,"minecraft:chest":8,"minecraft:shield":15,"minecraft:iron_sword":68,"born_in_chaos_v1:fried_maggot":6,"minecraft:rotten_flesh":4,"minecraft:iron_chestplate":1,"minecraft:torch":79,"minecraft:dirt":3,"scalinghealth:heart_crystal":2,"alexsmobs:maggot":1,"minecraft:lava_bucket":2,"minecraft:iron_axe":26,"minecraft:iron_helmet":1,"minecraft:iron_boots":1,"minecraft:furnace":5,"tombstone:gift":2,"minecraft:iron_leggings":2,"minecraft:water_bucket":6,"minecraft:stone_pickaxe":141,"minecraft:wooden_pickaxe":59,"minecraft:cobblestone_slab":18,"minecraft:mossy_cobblestone":1,"minecraft:crafting_table":6,"minecraft:cobbled_deepslate_stairs":1,"biomesoplenty:hanging_cobweb":2,"travelersbackpack:white_sleeping_bag":1,"minecraft:iron_pickaxe":124,"tombstone:grave_key":2,"minecraft:stone_axe":67,"minecraft:cobblestone":61,"minecraft:bucket":9,"alexsmobs:animal_dictionary":1},"minecraft:dropped":{"minecraft:stone_sword":1,"minecraft:stone_pickaxe":1},"minecraft:broken":{"minecraft:wooden_pickaxe":1,"minecraft:stone_pickaxe":1},"minecraft:picked_up":{"minecraft:crafting_table":2,"minecraft:chicken":3,"magistuarmory:barding":1,"minecraft:music_disc_cat":1,"minecraft:string":27,"minecraft:cyan_carpet":2,"minecraft:bucket":3,"minecraft:spruce_planks":9,"minecraft:beef":1,"minecraft:redstone_torch":3,"minecraft:smooth_quartz":4,"alexsmobs:raccoon_tail":1,"minecraft:melon_slice":7,"minecraft:coal_block":9,"minecraft:chest":5,"biomesoplenty:hanging_cobweb":23,"minecraft:furnace":6,"minecraft:raw_iron":49,"minecraft:stick":6,"minecraft:jukebox":1,"minecraft:torch":2,"evilcraft:origins_of_darkness":1,"minecraft:spruce_fence":1,"minecraft:porkchop":2,"born_in_chaos_v1:pieceofdarkmetal":5,"minecraft:iron_horse_armor":2,"evilcraft:box_of_eternal_closure":1,"minecraft:stone_sword":1,"minecraft:rotten_flesh":6,"minecraft:beetroot_seeds":4,"minecraft:saddle":2,"minecraft:gold_ingot":24,"evilcraft:condensed_blood":14,"minecraft:cobblestone":136,"born_in_chaos_v1:corpse_maggot":6,"minecraft:magma_block":1,"minecraft:feather":8,"born_in_chaos_v1:monster_flesh":1,"minecraft:flint":1,"minecraft:chainmail_chestplate":2,"minecraft:cobbled_deepslate_stairs":1,"minecraft:gunpowder":18,"scalinghealth:heart_crystal":2,"minecraft:dirt":7,"minecraft:name_tag":2,"born_in_chaos_v1:monster_skin":1,"minecraft:chipped_anvil":1,"minecraft:bone":11,"minecraft:iron_ingot":14,"minecraft:stone_pickaxe":1,"minecraft:bamboo":2,"minecraft:book":51,"scalinghealth:heart_crystal_shard":8,"minecraft:music_disc_13":1,"minecraft:spruce_sapling":1,"minecraft:spruce_log":41,"minecraft:spider_eye":1,"minecraft:mossy_cobblestone":4,"magistuarmory:rustedchainmail_helmet":1,"minecraft:diamond":3,"minecraft:chainmail_leggings":1,"minecraft:bread":23,"minecraft:chainmail_helmet":3,"alexsmobs:maggot":1,"tombstone:magic_scroll":1,"minecraft:netherrack":15,"minecraft:coal":95,"minecraft:sunflower":1},"minecraft:killed_by":{"born_in_chaos_v1:restless_spirit":1,"minecraft:wither_skeleton":2,"minecraft:cave_spider":3}},"DataVersion":3120}