{"stats":{"minecraft:mined":{"minecraft:dark_oak_planks":2,"minecraft:dark_prismarine":1,"minecraft:spruce_planks":13,"minecraft:white_bed":1,"minecraft:mossy_cobblestone":1,"minecraft:cobbled_deepslate_stairs":1,"minecraft:grass_block":2,"minecraft:spruce_fence":10,"minecraft:coal_block":53,"minecraft:spruce_leaves":12,"minecraft:spawner":2,"minecraft:large_fern":1,"minecraft:hay_block":10,"minecraft:magma_block":1,"minecraft:furnace":14,"minecraft:iron_ore":49,"minecraft:pumpkin":34,"minecraft:enchanting_table":1,"biomesoplenty:hanging_cobweb":6,"minecraft:bookshelf":26,"biomesoplenty:webbing":13,"biomesoplenty:spider_egg":1,"minecraft:stone":88,"minecraft:redstone_wall_torch":1,"minecraft:podzol":1,"biomesoplenty:hanging_cobweb_strand":12,"minecraft:crafting_table":2,"minecraft:note_block":1,"minecraft:dark_oak_wood":1,"minecraft:melon":24,"minecraft:chest":28,"minecraft:stone_slab":2,"minecraft:cobblestone":38,"biomesoplenty:sprout":2,"minecraft:wall_torch":2,"minecraft:spruce_stairs":1,"minecraft:spruce_log":42,"minecraft:jukebox":1,"minecraft:grass":3,"minecraft:coal_ore":83,"minecraft:dirt":9,"minecraft:gravel":1,"minecraft:sunflower":1,"minecraft:cyan_carpet":27,"minecraft:smooth_quartz":52,"biomesoplenty:stringy_cobweb":2,"minecraft:cobweb":9,"minecraft:netherrack":20,"minecraft:chipped_anvil":6,"minecraft:piston":40,"minecraft:fern":3},"minecraft:crafted":{"mutantmonsters:mutant_skeleton_leggings":1,"minecraft:cobblestone_slab":18,"minecraft:cooked_chicken":3,"minecraft:furnace":3,"minecraft:flint_and_steel":1,"mutantmonsters:mutant_skeleton_arms":1,"travelersbackpack:white_sleeping_bag":1,"minecraft:iron_boots":1,"mutantmonsters:mutant_skeleton_boots":1,"minecraft:iron_axe":2,"born_in_chaos_v1:fried_maggot":6,"minecraft:stone_pickaxe":1,"minecraft:chest":3,"mutantmonsters:mutant_skeleton_rib_cage":1,"minecraft:cooked_beef":1,"minecraft:cooked_porkchop":2,"minecraft:crafting_table":4,"minecraft:spruce_planks":164,"minecraft:wooden_pickaxe":1,"minecraft:iron_helmet":1,"minecraft:iron_sword":1,"minecraft:bucket":1,"minecraft:stone_axe":1,"minecraft:air":0,"minecraft:white_wool":6,"minecraft:iron_chestplate":1,"minecraft:shield":1,"minecraft:stick":74,"minecraft:iron_ingot":35,"minecraft:iron_pickaxe":3,"minecraft:stone_sword":1,"minecraft:iron_leggings":1,"minecraft:white_bed":1,"minecraft:torch":280},"minecraft:killed":{"minecraft:cave_spider":15,"alexsmobs:raccoon":3,"minecraft:spider":7,"naturalist:robin":1,"born_in_chaos_v1:maggot":2,"minecraft:skeleton":10,"minecraft:chicken":3,"born_in_chaos_v1:fallen_chaos_knight":1,"minecraft:pig":2,"graveyard:ghoul":2,"mutantmonsters:mutant_skeleton":1,"born_in_chaos_v1:decrepit_skeleton":2,"minecraft:zombie":5,"born_in_chaos_v1:dread_hound":1,"born_in_chaos_v1:corpse_fly":6,"born_in_chaos_v1:dark_vortex":1,"naturalist:canary":2,"born_in_chaos_v1:door_knight":2,"minecraft:wither_skeleton":14,"minecraft:enderman":1,"minecraft:cow":1},"minecraft:custom":{"minecraft:interact_with_anvil":1,"minecraft:mob_kills":83,"minecraft:interact_with_crafting_table":31,"minecraft:damage_dealt_resisted":3098,"minecraft:leave_game":5,"minecraft:time_since_death":22352,"minecraft:climb_one_cm":10586,"minecraft:sprint_one_cm":463583,"minecraft:walk_one_cm":311323,"minecraft:damage_blocked_by_shield":2601,"minecraft:drop":4,"minecraft:play_noteblock":2,"minecraft:play_time":220962,"minecraft:deaths":12,"minecraft:sneak_time":7258,"minecraft:walk_under_water_one_cm":72676,"minecraft:jump":2242,"minecraft:walk_on_water_one_cm":13305,"minecraft:total_world_time":220962,"minecraft:interact_with_furnace":48,"minecraft:sleep_in_bed":3,"minecraft:time_since_rest":21973,"minecraft:damage_taken":7455,"minecraft:damage_dealt":20388,"minecraft:swim_one_cm":8465,"minecraft:fly_one_cm":377325,"minecraft:open_chest":257,"minecraft:crouch_one_cm":12830,"tombstone:undead_killed":37,"minecraft:fall_one_cm":55083},"minecraft:used":{"minecraft:stone_sword":75,"minecraft:chest":21,"minecraft:spruce_planks":28,"minecraft:shield":63,"minecraft:iron_sword":247,"born_in_chaos_v1:fried_maggot":6,"minecraft:rotten_flesh":4,"minecraft:iron_chestplate":1,"minecraft:torch":218,"minecraft:dirt":3,"scalinghealth:heart_crystal":4,"minecraft:spruce_fence":1,"alexsmobs:maggot":1,"minecraft:lava_bucket":2,"minecraft:iron_axe":204,"minecraft:iron_helmet":1,"minecraft:iron_boots":1,"minecraft:smooth_quartz":8,"minecraft:furnace":5,"tombstone:gift":4,"minecraft:cooked_beef":1,"minecraft:iron_leggings":2,"minecraft:water_bucket":14,"minecraft:stone_pickaxe":141,"minecraft:wooden_pickaxe":59,"minecraft:cobblestone_slab":18,"minecraft:mossy_cobblestone":1,"minecraft:crafting_table":6,"minecraft:white_bed":2,"minecraft:cobbled_deepslate_stairs":1,"tombstone:bag_of_seeds":4,"minecraft:dark_prismarine":1,"biomesoplenty:hanging_cobweb":2,"minecraft:bread":12,"minecraft:iron_pickaxe":305,"minecraft:cyan_carpet":12,"travelersbackpack:white_sleeping_bag":1,"tombstone:grave_key":7,"minecraft:stone_axe":67,"minecraft:cobblestone":61,"minecraft:bucket":16,"alexsmobs:animal_dictionary":1},"minecraft:dropped":{"minecraft:smooth_quartz":2,"minecraft:stone_sword":1,"minecraft:stone_slab":2,"minecraft:stone_pickaxe":1},"minecraft:broken":{"minecraft:wooden_pickaxe":1,"minecraft:stone_pickaxe":1,"minecraft:iron_axe":1,"minecraft:iron_sword":1},"minecraft:picked_up":{"minecraft:crafting_table":2,"minecraft:wheat":14,"minecraft:chainmail_boots":8,"minecraft:chicken":3,"minecraft:stone_slab":4,"magistuarmory:barding":1,"minecraft:diamond_horse_armor":2,"minecraft:music_disc_cat":2,"minecraft:string":57,"mutantmonsters:mutant_skeleton_skull":1,"minecraft:cyan_carpet":48,"minecraft:beetroot":8,"minecraft:bucket":7,"minecraft:spruce_planks":25,"minecraft:beef":1,"minecraft:music_disc_otherside":1,"minecraft:redstone_torch":8,"minecraft:smooth_quartz":55,"alexsmobs:raccoon_tail":1,"minecraft:melon_slice":108,"minecraft:coal_block":53,"minecraft:chest":28,"minecraft:furnace":16,"minecraft:piston":40,"biomesoplenty:hanging_cobweb":23,"minecraft:stick":6,"minecraft:raw_iron":49,"born_in_chaos_v1:shattered_skull":1,"minecraft:jukebox":1,"travelersbackpack:iron_tier_upgrade":1,"evilcraft:origins_of_darkness":1,"minecraft:torch":4,"minecraft:spruce_stairs":1,"minecraft:spruce_fence":11,"minecraft:note_block":1,"minecraft:porkchop":2,"magistuarmory:rusted_heavymace":1,"tombstone:grave_dust":2,"born_in_chaos_v1:pieceofdarkmetal":5,"minecraft:redstone":3,"minecraft:iron_horse_armor":3,"mutantmonsters:mutant_skeleton_pelvis":1,"minecraft:dark_oak_planks":2,"minecraft:stone_sword":1,"evilcraft:box_of_eternal_closure":4,"minecraft:arrow":9,"minecraft:rotten_flesh":80,"minecraft:beetroot_seeds":17,"minecraft:hay_block":10,"mutantmonsters:mutant_skeleton_rib":6,"minecraft:saddle":8,"minecraft:gold_ingot":28,"evilcraft:condensed_blood":14,"mutantmonsters:mutant_skeleton_shoulder_pad":2,"minecraft:cobblestone":137,"minecraft:enchanting_table":1,"born_in_chaos_v1:corpse_maggot":6,"minecraft:magma_block":1,"minecraft:feather":8,"magistuarmory:rustedhalfarmor_chestplate":1,"born_in_chaos_v1:monster_flesh":1,"minecraft:flint":1,"minecraft:chainmail_chestplate":15,"magistuarmory:chainmail_horse_armor":2,"minecraft:cobbled_deepslate_stairs":1,"minecraft:gunpowder":33,"scalinghealth:heart_crystal":4,"mutantmonsters:mutant_skeleton_limb":8,"minecraft:dirt":13,"minecraft:name_tag":8,"born_in_chaos_v1:monster_skin":1,"minecraft:bone":52,"minecraft:chipped_anvil":6,"minecraft:iron_ingot":20,"minecraft:stone_pickaxe":1,"minecraft:cobweb":19,"tombstone:bag_of_seeds":3,"minecraft:bamboo":6,"minecraft:book":79,"scalinghealth:heart_crystal_shard":8,"minecraft:pumpkin":34,"minecraft:music_disc_13":2,"born_in_chaos_v1:ethereal_spirit":1,"minecraft:spruce_sapling":1,"minecraft:white_bed":1,"minecraft:spruce_log":41,"magistuarmory:rustedchainmail_leggings":1,"minecraft:spider_eye":6,"minecraft:mossy_cobblestone":15,"minecraft:dark_prismarine":1,"magistuarmory:rustedchainmail_helmet":1,"minecraft:pumpkin_seeds":13,"minecraft:diamond":6,"evilcraft:broom":1,"minecraft:chainmail_leggings":7,"minecraft:golden_apple":2,"minecraft:bread":79,"minecraft:golden_horse_armor":2,"minecraft:chainmail_helmet":8,"alexsmobs:maggot":1,"minecraft:melon_seeds":7,"tombstone:magic_scroll":2,"minecraft:netherrack":15,"minecraft:dark_oak_wood":5,"minecraft:coal":104,"minecraft:sunflower":1},"minecraft:killed_by":{"born_in_chaos_v1:restless_spirit":1,"minecraft:wither_skeleton":3,"minecraft:enderman":1,"minecraft:cave_spider":5,"minecraft:skeleton":1}},"DataVersion":3120}