{"stats":{"minecraft:mined":{"minecraft:podzol":1,"minecraft:cobbled_deepslate_stairs":1,"biomesoplenty:hanging_cobweb_strand":6,"minecraft:crafting_table":2,"minecraft:grass_block":2,"minecraft:melon":1,"minecraft:cobblestone":35,"minecraft:spruce_leaves":12,"minecraft:spawner":2,"minecraft:iron_ore":36,"minecraft:spruce_log":42,"biomesoplenty:hanging_cobweb":3,"minecraft:grass":1,"minecraft:coal_ore":82,"biomesoplenty:webbing":11,"minecraft:smooth_quartz":2,"minecraft:cobweb":1,"minecraft:stone":70,"minecraft:chipped_anvil":1,"minecraft:fern":3},"minecraft:crafted":{"minecraft:cobblestone_slab":18,"minecraft:crafting_table":2,"minecraft:spruce_planks":40,"minecraft:wooden_pickaxe":1,"minecraft:furnace":3,"minecraft:stone_axe":1,"minecraft:air":0,"minecraft:iron_chestplate":1,"born_in_chaos_v1:fried_maggot":2,"minecraft:stick":40,"minecraft:iron_ingot":22,"minecraft:iron_pickaxe":1,"minecraft:stone_pickaxe":1,"minecraft:stone_sword":1,"minecraft:chest":1,"minecraft:iron_leggings":1,"minecraft:torch":80},"minecraft:killed":{"born_in_chaos_v1:fallen_chaos_knight":1,"alexsmobs:raccoon":3,"born_in_chaos_v1:maggot":2},"minecraft:custom":{"minecraft:interact_with_furnace":17,"minecraft:mob_kills":6,"minecraft:interact_with_crafting_table":14,"minecraft:leave_game":2,"minecraft:time_since_death":20448,"minecraft:climb_one_cm":232,"minecraft:time_since_rest":20194,"minecraft:sprint_one_cm":46768,"minecraft:damage_taken":1546,"minecraft:walk_one_cm":74974,"minecraft:drop":2,"minecraft:damage_dealt":1052,"minecraft:fly_one_cm":39527,"minecraft:open_chest":4,"minecraft:crouch_one_cm":5224,"minecraft:play_time":35947,"tombstone:undead_killed":1,"minecraft:deaths":2,"minecraft:sneak_time":1929,"minecraft:jump":366,"minecraft:total_world_time":35947,"minecraft:fall_one_cm":16336},"minecraft:used":{"minecraft:stone_sword":21,"minecraft:stone_pickaxe":141,"minecraft:chest":1,"minecraft:wooden_pickaxe":59,"minecraft:cobblestone_slab":18,"born_in_chaos_v1:fried_maggot":2,"minecraft:iron_chestplate":1,"minecraft:torch":21,"minecraft:dirt":3,"minecraft:crafting_table":4,"minecraft:cobbled_deepslate_stairs":1,"biomesoplenty:hanging_cobweb":1,"minecraft:iron_pickaxe":42,"tombstone:grave_key":1,"minecraft:stone_axe":67,"minecraft:cobblestone":18,"minecraft:furnace":3,"alexsmobs:animal_dictionary":1,"minecraft:iron_leggings":1},"minecraft:dropped":{"minecraft:stone_sword":1,"minecraft:stone_pickaxe":1},"minecraft:broken":{"minecraft:stone_pickaxe":1,"minecraft:wooden_pickaxe":1},"minecraft:picked_up":{"born_in_chaos_v1:corpse_maggot":2,"minecraft:crafting_table":2,"minecraft:cobbled_deepslate_stairs":1,"minecraft:string":3,"minecraft:dirt":3,"minecraft:chipped_anvil":1,"minecraft:spruce_planks":9,"minecraft:stone_pickaxe":1,"minecraft:smooth_quartz":2,"alexsmobs:raccoon_tail":1,"minecraft:melon_slice":7,"biomesoplenty:hanging_cobweb":10,"minecraft:stick":3,"minecraft:raw_iron":36,"minecraft:spruce_sapling":1,"born_in_chaos_v1:pieceofdarkmetal":5,"minecraft:spruce_log":41,"minecraft:stone_sword":1,"minecraft:rotten_flesh":3,"minecraft:coal":81,"minecraft:cobblestone":103},"minecraft:killed_by":{"minecraft:cave_spider":1}},"DataVersion":3120}