{"stats":{"minecraft:mined":{"minecraft:podzol":1,"minecraft:cobbled_deepslate_stairs":1,"minecraft:iron_ore":9,"minecraft:spruce_log":42,"minecraft:crafting_table":1,"biomesoplenty:hanging_cobweb":1,"minecraft:grass":1,"minecraft:coal_ore":33,"minecraft:grass_block":2,"minecraft:melon":1,"biomesoplenty:webbing":11,"minecraft:smooth_quartz":2,"minecraft:cobweb":1,"minecraft:cobblestone":35,"minecraft:spruce_leaves":12,"minecraft:stone":29,"minecraft:chipped_anvil":1,"minecraft:fern":3,"minecraft:spawner":2},"minecraft:crafted":{"minecraft:crafting_table":1,"minecraft:spruce_planks":20,"minecraft:stick":8,"minecraft:wooden_pickaxe":1,"minecraft:stone_pickaxe":1,"minecraft:stone_sword":1,"minecraft:torch":12,"minecraft:stone_axe":1},"minecraft:killed":{"born_in_chaos_v1:fallen_chaos_knight":1,"alexsmobs:raccoon":3,"born_in_chaos_v1:maggot":2},"minecraft:custom":{"minecraft:time_since_rest":8283,"minecraft:interact_with_furnace":1,"minecraft:sprint_one_cm":35851,"minecraft:damage_taken":1496,"minecraft:walk_one_cm":44941,"minecraft:mob_kills":6,"minecraft:drop":2,"minecraft:damage_dealt":1052,"minecraft:interact_with_crafting_table":2,"minecraft:fly_one_cm":32751,"minecraft:open_chest":2,"minecraft:crouch_one_cm":766,"minecraft:play_time":24036,"tombstone:undead_killed":1,"minecraft:deaths":2,"minecraft:sneak_time":531,"minecraft:jump":235,"minecraft:leave_game":1,"minecraft:time_since_death":8537,"minecraft:climb_one_cm":232,"minecraft:total_world_time":24036,"minecraft:fall_one_cm":13370},"minecraft:used":{"minecraft:stone_sword":20,"biomesoplenty:hanging_cobweb":1,"minecraft:stone_pickaxe":77,"minecraft:wooden_pickaxe":46,"tombstone:grave_key":1,"minecraft:torch":8,"minecraft:stone_axe":66,"minecraft:dirt":3,"minecraft:crafting_table":2,"alexsmobs:animal_dictionary":1,"minecraft:cobbled_deepslate_stairs":1},"minecraft:dropped":{"minecraft:stone_sword":1,"minecraft:stone_pickaxe":1},"minecraft:picked_up":{"minecraft:raw_iron":9,"born_in_chaos_v1:corpse_maggot":2,"minecraft:stick":3,"minecraft:crafting_table":1,"minecraft:spruce_sapling":1,"born_in_chaos_v1:pieceofdarkmetal":5,"minecraft:spruce_log":41,"minecraft:cobbled_deepslate_stairs":1,"minecraft:string":3,"minecraft:dirt":3,"minecraft:stone_sword":1,"minecraft:chipped_anvil":1,"minecraft:rotten_flesh":3,"minecraft:stone_pickaxe":1,"minecraft:smooth_quartz":2,"alexsmobs:raccoon_tail":1,"minecraft:melon_slice":7,"biomesoplenty:hanging_cobweb":1,"minecraft:coal":32,"minecraft:cobblestone":64},"minecraft:killed_by":{"minecraft:cave_spider":1}},"DataVersion":3120}