{"stats":{"minecraft:broken":{"minecraft:chainmail_helmet":1,"minecraft:wooden_pickaxe":1,"minecraft:stone_pickaxe":1,"minecraft:shield":3,"magistuarmory:rustedchainmail_chestplate":1,"minecraft:iron_axe":2,"minecraft:iron_sword":3},"minecraft:custom":{"minecraft:interact_with_anvil":1,"minecraft:mob_kills":214,"minecraft:interact_with_crafting_table":45,"minecraft:damage_dealt_resisted":12525,"minecraft:leave_game":7,"minecraft:time_since_death":3594,"minecraft:climb_one_cm":11302,"minecraft:sprint_one_cm":908657,"minecraft:walk_one_cm":580679,"minecraft:damage_blocked_by_shield":9580,"minecraft:drop":20,"minecraft:play_noteblock":2,"minecraft:play_time":359845,"minecraft:deaths":19,"minecraft:sneak_time":11575,"minecraft:walk_under_water_one_cm":192096,"minecraft:jump":4356,"minecraft:walk_on_water_one_cm":17220,"minecraft:total_world_time":359845,"minecraft:interact_with_furnace":55,"minecraft:tune_noteblock":1,"minecraft:sleep_in_bed":5,"minecraft:time_since_rest":3020,"minecraft:damage_taken":18344,"minecraft:damage_dealt":58609,"minecraft:swim_one_cm":75065,"minecraft:fly_one_cm":694432,"minecraft:open_chest":742,"minecraft:crouch_one_cm":14946,"tombstone:undead_killed":122,"minecraft:fall_one_cm":94361},"minecraft:dropped":{"minecraft:iron_sword":1,"minecraft:chainmail_helmet":3,"minecraft:melon_slice":5,"minecraft:smooth_quartz":2,"minecraft:stone_sword":1,"minecraft:stone_slab":2,"minecraft:chainmail_chestplate":6,"bosses_of_mass_destruction:soul_star":1,"minecraft:chainmail_boots":4,"minecraft:stone_pickaxe":1},"minecraft:used":{"minecraft:stone_sword":75,"minecraft:chest":65,"minecraft:spruce_planks":63,"minecraft:shield":243,"minecraft:iron_sword":1078,"born_in_chaos_v1:fried_maggot":6,"minecraft:rotten_flesh":4,"minecraft:iron_chestplate":1,"minecraft:torch":407,"minecraft:dirt":6,"scalinghealth:heart_crystal":17,"minecraft:oak_wood":2,"minecraft:spruce_fence":6,"minecraft:dark_oak_planks":2,"alexsmobs:maggot":1,"minecraft:lava_bucket":2,"minecraft:iron_axe":452,"minecraft:iron_boots":1,"minecraft:smooth_quartz":52,"minecraft:iron_helmet":1,"scalinghealth:power_crystal":1,"evilcraft:flesh_humanoid":1,"minecraft:furnace":5,"tombstone:gift":6,"minecraft:cooked_beef":1,"minecraft:iron_leggings":2,"minecraft:water_bucket":35,"minecraft:stone_pickaxe":141,"minecraft:cobblestone_slab":18,"minecraft:wooden_pickaxe":59,"magistuarmory:steel_flamebladedsword":1,"minecraft:mossy_cobblestone":1,"minecraft:crafting_table":7,"minecraft:white_bed":3,"minecraft:cobbled_deepslate_stairs":1,"tombstone:bag_of_seeds":7,"minecraft:dark_prismarine":1,"biomesoplenty:hanging_cobweb":2,"minecraft:bread":53,"minecraft:iron_pickaxe":392,"minecraft:cyan_carpet":15,"travelersbackpack:white_sleeping_bag":1,"tombstone:grave_key":9,"minecraft:stone_axe":67,"minecraft:cobblestone":83,"minecraft:bucket":37,"alexsmobs:animal_dictionary":1},"minecraft:picked_up":{"minecraft:crafting_table":3,"minecraft:wheat":15,"mutantmonsters:mutant_skeleton_arms":1,"minecraft:chainmail_boots":26,"minecraft:chicken":5,"minecraft:flower_pot":1,"tombstone:tablet_of_home":1,"minecraft:diamond_sword":4,"minecraft:stone_slab":4,"minecraft:gold_block":17,"minecraft:enchanted_book":5,"magistuarmory:barding":2,"minecraft:diamond_horse_armor":6,"minecraft:chain":1,"minecraft:music_disc_cat":7,"minecraft:string":101,"mutantmonsters:mutant_skeleton_skull":2,"minecraft:flint_and_steel":1,"minecraft:iron_leggings":2,"minecraft:cyan_carpet":69,"minecraft:beetroot":26,"graveyard:corruption":1,"bosses_of_mass_destruction:soul_star":3,"minecraft:bucket":8,"minecraft:spruce_planks":66,"minecraft:music_disc_otherside":1,"minecraft:beef":1,"minecraft:rose_bush":2,"minecraft:redstone_torch":10,"minecraft:iron_nugget":3,"minecraft:smooth_quartz":86,"alexsmobs:raccoon_tail":1,"minecraft:melon_slice":378,"minecraft:coal_block":96,"minecraft:chest":71,"minecraft:spruce_trapdoor":4,"minecraft:piston":52,"biomesoplenty:hanging_cobweb":23,"minecraft:furnace":24,"minecraft:raw_iron":49,"minecraft:stick":10,"born_in_chaos_v1:shattered_skull":2,"minecraft:jukebox":1,"minecraft:torch":30,"evilcraft:origins_of_darkness":7,"travelersbackpack:iron_tier_upgrade":2,"minecraft:spruce_stairs":1,"minecraft:note_block":1,"minecraft:spruce_fence":36,"minecraft:porkchop":5,"magistuarmory:rusted_heavymace":2,"born_in_chaos_v1:pieceofdarkmetal":5,"tombstone:grave_dust":19,"minecraft:carrot":3,"minecraft:redstone":30,"minecraft:iron_horse_armor":7,"mutantmonsters:mutant_skeleton_pelvis":1,"minecraft:dark_oak_planks":14,"minecraft:stone_sword":1,"evilcraft:box_of_eternal_closure":25,"minecraft:arrow":70,"minecraft:rotten_flesh":125,"minecraft:beetroot_seeds":24,"minecraft:hay_block":15,"minecraft:stripped_dark_oak_wood":1,"mutantmonsters:mutant_skeleton_rib":6,"minecraft:saddle":10,"minecraft:gold_ingot":105,"evilcraft:condensed_blood":135,"mutantmonsters:mutant_skeleton_shoulder_pad":2,"minecraft:cobblestone":147,"minecraft:enchanting_table":2,"born_in_chaos_v1:corpse_maggot":11,"minecraft:magma_block":1,"magistuarmory:rustedhalfarmor_chestplate":2,"minecraft:feather":9,"born_in_chaos_v1:monster_flesh":1,"minecraft:golden_carrot":31,"minecraft:golden_leggings":2,"alexsmobs:bear_fur":1,"minecraft:potato":4,"minecraft:flint":1,"scalinghealth:bandages":10,"minecraft:chainmail_chestplate":28,"minecraft:cobbled_deepslate_stairs":1,"magistuarmory:chainmail_horse_armor":7,"minecraft:gunpowder":70,"minecraft:cobblestone_stairs":1,"scalinghealth:heart_crystal":14,"mutantmonsters:mutant_skeleton_limb":8,"minecraft:dirt":18,"minecraft:name_tag":25,"born_in_chaos_v1:monster_skin":2,"minecraft:bone":155,"minecraft:chipped_anvil":9,"magistuarmory:steel_flamebladedsword":3,"minecraft:bow":3,"mowziesmobs:foliaath_seed":3,"mutantmonsters:mutant_skeleton_rib_cage":1,"minecraft:iron_ingot":57,"minecraft:stone_pickaxe":1,"minecraft:cooked_chicken":6,"minecraft:cobweb":25,"scalinghealth:power_crystal_shard":11,"tombstone:bag_of_seeds":6,"tombstone:scroll_of_reach":1,"minecraft:bamboo":6,"minecraft:glowstone_dust":6,"tombstone:scroll_of_frost_resistance":2,"minecraft:iron_sword":1,"minecraft:book":158,"scalinghealth:heart_crystal_shard":40,"minecraft:emerald_block":13,"minecraft:cooked_porkchop":2,"minecraft:music_disc_13":7,"minecraft:pumpkin":58,"magistuarmory:rustedchainmail_chestplate":1,"born_in_chaos_v1:ethereal_spirit":1,"minecraft:spruce_sapling":1,"mutantmonsters:mutant_skeleton_leggings":1,"minecraft:white_bed":2,"minecraft:spruce_log":41,"magistuarmory:rustedchainmail_leggings":3,"minecraft:spider_eye":21,"alexsmobs:animal_dictionary":1,"minecraft:mossy_cobblestone":15,"minecraft:dark_prismarine":1,"tombstone:scroll_of_mercy":1,"travelersbackpack:white_sleeping_bag":1,"minecraft:oak_wood":2,"magistuarmory:rustedchainmail_helmet":1,"minecraft:pumpkin_seeds":30,"minecraft:diamond":21,"minecraft:chainmail_leggings":15,"evilcraft:broom":5,"mutantmonsters:mutant_skeleton_boots":1,"minecraft:golden_apple":6,"minecraft:chainmail_helmet":41,"minecraft:golden_horse_armor":8,"minecraft:bread":125,"alexsmobs:maggot":1,"tombstone:magic_scroll":6,"minecraft:netherrack":15,"minecraft:melon_seeds":7,"minecraft:dark_oak_wood":6,"minecraft:coal":133,"minecraft:sunflower":3},"minecraft:crafted":{"mutantmonsters:mutant_skeleton_leggings":1,"minecraft:coal":18,"minecraft:cobblestone_slab":18,"minecraft:iron_nugget":3,"minecraft:cooked_chicken":3,"minecraft:furnace":3,"minecraft:flint_and_steel":1,"mutantmonsters:mutant_skeleton_arms":1,"travelersbackpack:white_sleeping_bag":1,"minecraft:iron_boots":1,"minecraft:iron_axe":3,"born_in_chaos_v1:fried_maggot":6,"mutantmonsters:mutant_skeleton_boots":1,"minecraft:stone_pickaxe":1,"minecraft:chest":3,"mutantmonsters:mutant_skeleton_rib_cage":1,"scalinghealth:power_crystal":1,"minecraft:cooked_beef":1,"minecraft:cooked_porkchop":2,"minecraft:crafting_table":5,"minecraft:spruce_planks":220,"minecraft:wooden_pickaxe":1,"minecraft:iron_helmet":1,"minecraft:iron_sword":5,"minecraft:gold_block":17,"scalinghealth:heart_crystal":3,"minecraft:bucket":1,"minecraft:stone_axe":1,"minecraft:air":0,"minecraft:white_wool":6,"minecraft:iron_chestplate":1,"minecraft:emerald_block":13,"minecraft:shield":4,"minecraft:stick":124,"minecraft:iron_ingot":35,"minecraft:iron_pickaxe":3,"minecraft:stone_sword":1,"minecraft:iron_leggings":1,"minecraft:white_bed":1,"minecraft:torch":424},"minecraft:killed":{"minecraft:cave_spider":33,"graveyard:skeleton_creeper":3,"alexsmobs:raccoon":3,"minecraft:spider":16,"naturalist:robin":1,"born_in_chaos_v1:maggot":9,"minecraft:skeleton":27,"minecraft:chicken":4,"born_in_chaos_v1:fallen_chaos_knight":1,"alexsmobs:grizzly_bear":2,"minecraft:pig":3,"graveyard:ghoul":3,"minecraft:zombie_villager":1,"born_in_chaos_v1:baby_skeleton":1,"naturalist:firefly":1,"mutantmonsters:mutant_skeleton":1,"minecraft:creeper":4,"born_in_chaos_v1:decrepit_skeleton":2,"minecraft:zombie":18,"born_in_chaos_v1:dread_hound":1,"born_in_chaos_v1:corpse_fly":7,"born_in_chaos_v1:dark_vortex":1,"naturalist:canary":2,"alexsmobs:fly":1,"born_in_chaos_v1:door_knight":4,"minecraft:wither_skeleton":61,"minecraft:enderman":1,"minecraft:cow":1},"minecraft:mined":{"minecraft:dark_oak_planks":18,"minecraft:dark_prismarine":1,"minecraft:spruce_planks":37,"minecraft:white_bed":2,"minecraft:mossy_cobblestone":1,"minecraft:cobbled_deepslate_stairs":1,"minecraft:cobblestone_stairs":1,"minecraft:spruce_fence":35,"minecraft:grass_block":5,"minecraft:coal_block":71,"travelersbackpack:white_sleeping_bag":1,"minecraft:spruce_leaves":12,"minecraft:spawner":5,"minecraft:large_fern":1,"minecraft:hay_block":15,"minecraft:magma_block":1,"minecraft:furnace":20,"minecraft:iron_ore":49,"minecraft:pumpkin":58,"minecraft:stripped_dark_oak_wood":1,"minecraft:enchanting_table":2,"biomesoplenty:hanging_cobweb":6,"minecraft:bookshelf":26,"biomesoplenty:webbing":13,"minecraft:stone":88,"biomesoplenty:spider_egg":1,"minecraft:redstone_wall_torch":1,"minecraft:podzol":1,"biomesoplenty:hanging_cobweb_strand":12,"minecraft:crafting_table":3,"minecraft:torch":6,"minecraft:note_block":1,"minecraft:dark_oak_wood":2,"minecraft:oak_wood":2,"minecraft:melon":62,"minecraft:chest":68,"minecraft:stone_slab":2,"minecraft:cobblestone":48,"biomesoplenty:sprout":3,"minecraft:wall_torch":5,"minecraft:spruce_stairs":1,"minecraft:spruce_log":42,"minecraft:jukebox":1,"minecraft:grass":3,"minecraft:coal_ore":83,"evilcraft:blood_stain":1,"minecraft:cyan_carpet":35,"minecraft:smooth_quartz":82,"minecraft:sunflower":4,"minecraft:gravel":1,"minecraft:dirt":9,"biomesoplenty:stringy_cobweb":2,"minecraft:cobweb":17,"minecraft:netherrack":20,"minecraft:piston":52,"minecraft:chipped_anvil":8,"minecraft:oak_leaves":1,"minecraft:fern":3},"minecraft:killed_by":{"born_in_chaos_v1:restless_spirit":1,"born_in_chaos_v1:nightmare_stalker":1,"minecraft:wither_skeleton":6,"minecraft:spider":2,"minecraft:enderman":1,"minecraft:cave_spider":5,"minecraft:skeleton":2}},"DataVersion":3120}