{"stats":{"minecraft:mined":{"minecraft:dark_oak_planks":10,"minecraft:dark_prismarine":1,"minecraft:spruce_planks":34,"minecraft:white_bed":1,"minecraft:mossy_cobblestone":1,"minecraft:cobbled_deepslate_stairs":1,"minecraft:grass_block":5,"minecraft:spruce_fence":20,"minecraft:coal_block":62,"minecraft:spruce_leaves":12,"minecraft:spawner":2,"minecraft:large_fern":1,"minecraft:hay_block":10,"minecraft:magma_block":1,"minecraft:furnace":16,"minecraft:iron_ore":49,"minecraft:pumpkin":39,"minecraft:enchanting_table":2,"biomesoplenty:hanging_cobweb":6,"minecraft:bookshelf":26,"biomesoplenty:webbing":13,"biomesoplenty:spider_egg":1,"minecraft:stone":88,"minecraft:redstone_wall_torch":1,"minecraft:podzol":1,"biomesoplenty:hanging_cobweb_strand":12,"minecraft:crafting_table":2,"minecraft:torch":3,"minecraft:note_block":1,"minecraft:dark_oak_wood":1,"minecraft:melon":48,"minecraft:chest":42,"minecraft:stone_slab":2,"minecraft:cobblestone":39,"biomesoplenty:sprout":2,"minecraft:wall_torch":4,"minecraft:spruce_stairs":1,"minecraft:spruce_log":42,"minecraft:jukebox":1,"minecraft:grass":3,"minecraft:coal_ore":83,"minecraft:dirt":9,"minecraft:gravel":1,"minecraft:sunflower":1,"minecraft:cyan_carpet":28,"minecraft:smooth_quartz":64,"biomesoplenty:stringy_cobweb":2,"minecraft:cobweb":17,"minecraft:netherrack":20,"minecraft:chipped_anvil":7,"minecraft:piston":48,"minecraft:fern":3},"minecraft:crafted":{"mutantmonsters:mutant_skeleton_leggings":1,"minecraft:coal":18,"minecraft:cobblestone_slab":18,"minecraft:iron_nugget":2,"minecraft:cooked_chicken":3,"minecraft:furnace":3,"minecraft:flint_and_steel":1,"mutantmonsters:mutant_skeleton_arms":1,"travelersbackpack:white_sleeping_bag":1,"minecraft:iron_boots":1,"mutantmonsters:mutant_skeleton_boots":1,"minecraft:iron_axe":2,"born_in_chaos_v1:fried_maggot":6,"minecraft:stone_pickaxe":1,"minecraft:chest":3,"mutantmonsters:mutant_skeleton_rib_cage":1,"minecraft:cooked_beef":1,"minecraft:cooked_porkchop":2,"minecraft:crafting_table":4,"minecraft:spruce_planks":220,"minecraft:wooden_pickaxe":1,"minecraft:iron_helmet":1,"minecraft:iron_sword":4,"scalinghealth:heart_crystal":2,"minecraft:bucket":1,"minecraft:stone_axe":1,"minecraft:air":0,"minecraft:white_wool":6,"minecraft:iron_chestplate":1,"minecraft:shield":3,"minecraft:stick":124,"minecraft:iron_ingot":35,"minecraft:iron_pickaxe":3,"minecraft:stone_sword":1,"minecraft:iron_leggings":1,"minecraft:white_bed":1,"minecraft:torch":392},"minecraft:killed":{"minecraft:cave_spider":20,"graveyard:skeleton_creeper":1,"alexsmobs:raccoon":3,"minecraft:spider":11,"naturalist:robin":1,"born_in_chaos_v1:maggot":9,"minecraft:skeleton":22,"minecraft:chicken":4,"born_in_chaos_v1:fallen_chaos_knight":1,"minecraft:pig":2,"graveyard:ghoul":3,"minecraft:zombie_villager":1,"mutantmonsters:mutant_skeleton":1,"minecraft:creeper":2,"born_in_chaos_v1:decrepit_skeleton":2,"minecraft:zombie":17,"born_in_chaos_v1:dread_hound":1,"born_in_chaos_v1:corpse_fly":6,"born_in_chaos_v1:dark_vortex":1,"naturalist:canary":2,"born_in_chaos_v1:door_knight":3,"minecraft:wither_skeleton":49,"minecraft:enderman":1,"minecraft:cow":1},"minecraft:custom":{"minecraft:interact_with_anvil":1,"minecraft:mob_kills":165,"minecraft:interact_with_crafting_table":35,"minecraft:damage_dealt_resisted":10188,"minecraft:leave_game":5,"minecraft:time_since_death":3027,"minecraft:climb_one_cm":10586,"minecraft:sprint_one_cm":716056,"minecraft:walk_one_cm":475112,"minecraft:damage_blocked_by_shield":5830,"minecraft:drop":20,"minecraft:play_noteblock":2,"minecraft:play_time":292962,"minecraft:deaths":15,"minecraft:sneak_time":10631,"minecraft:walk_under_water_one_cm":155647,"minecraft:jump":3559,"minecraft:walk_on_water_one_cm":16005,"minecraft:total_world_time":292962,"minecraft:interact_with_furnace":52,"minecraft:sleep_in_bed":3,"minecraft:time_since_rest":1948,"minecraft:damage_taken":13872,"minecraft:damage_dealt":45191,"minecraft:swim_one_cm":45473,"minecraft:fly_one_cm":557585,"minecraft:open_chest":477,"minecraft:crouch_one_cm":14616,"tombstone:undead_killed":100,"minecraft:fall_one_cm":80267},"minecraft:used":{"minecraft:stone_sword":75,"minecraft:chest":27,"minecraft:spruce_planks":57,"minecraft:shield":152,"minecraft:iron_sword":836,"born_in_chaos_v1:fried_maggot":6,"minecraft:rotten_flesh":4,"minecraft:iron_chestplate":1,"minecraft:torch":354,"minecraft:dirt":6,"scalinghealth:heart_crystal":11,"minecraft:spruce_fence":5,"minecraft:dark_oak_planks":1,"alexsmobs:maggot":1,"minecraft:lava_bucket":2,"minecraft:iron_axe":336,"minecraft:iron_helmet":1,"minecraft:iron_boots":1,"minecraft:smooth_quartz":14,"minecraft:furnace":5,"tombstone:gift":4,"minecraft:cooked_beef":1,"minecraft:iron_leggings":2,"minecraft:water_bucket":34,"minecraft:stone_pickaxe":141,"minecraft:wooden_pickaxe":59,"minecraft:cobblestone_slab":18,"minecraft:mossy_cobblestone":1,"minecraft:crafting_table":6,"minecraft:white_bed":2,"minecraft:cobbled_deepslate_stairs":1,"tombstone:bag_of_seeds":7,"minecraft:dark_prismarine":1,"biomesoplenty:hanging_cobweb":2,"minecraft:bread":44,"minecraft:iron_pickaxe":339,"minecraft:cyan_carpet":14,"travelersbackpack:white_sleeping_bag":1,"tombstone:grave_key":9,"minecraft:stone_axe":67,"minecraft:cobblestone":73,"minecraft:bucket":36,"alexsmobs:animal_dictionary":1},"minecraft:dropped":{"minecraft:iron_sword":1,"minecraft:chainmail_helmet":3,"minecraft:melon_slice":5,"minecraft:smooth_quartz":2,"minecraft:stone_sword":1,"minecraft:stone_slab":2,"minecraft:chainmail_chestplate":6,"bosses_of_mass_destruction:soul_star":1,"minecraft:chainmail_boots":4,"minecraft:stone_pickaxe":1},"minecraft:broken":{"minecraft:chainmail_helmet":1,"minecraft:wooden_pickaxe":1,"minecraft:stone_pickaxe":1,"minecraft:shield":2,"magistuarmory:rustedchainmail_chestplate":1,"minecraft:iron_axe":1,"minecraft:iron_sword":2},"minecraft:picked_up":{"minecraft:crafting_table":2,"minecraft:wheat":15,"minecraft:chainmail_boots":17,"minecraft:chicken":4,"minecraft:flower_pot":1,"minecraft:diamond_sword":2,"minecraft:stone_slab":4,"minecraft:enchanted_book":1,"magistuarmory:barding":1,"minecraft:diamond_horse_armor":2,"minecraft:chain":1,"minecraft:music_disc_cat":5,"minecraft:string":81,"mutantmonsters:mutant_skeleton_skull":1,"minecraft:iron_leggings":1,"minecraft:cyan_carpet":62,"minecraft:beetroot":9,"graveyard:corruption":1,"bosses_of_mass_destruction:soul_star":2,"minecraft:bucket":8,"minecraft:spruce_planks":51,"minecraft:beef":1,"minecraft:music_disc_otherside":1,"minecraft:rose_bush":2,"minecraft:redstone_torch":9,"minecraft:smooth_quartz":68,"alexsmobs:raccoon_tail":1,"minecraft:melon_slice":300,"minecraft:coal_block":62,"minecraft:chest":45,"minecraft:spruce_trapdoor":2,"minecraft:furnace":20,"minecraft:piston":48,"biomesoplenty:hanging_cobweb":23,"minecraft:stick":10,"minecraft:raw_iron":49,"born_in_chaos_v1:shattered_skull":1,"minecraft:jukebox":1,"travelersbackpack:iron_tier_upgrade":1,"evilcraft:origins_of_darkness":4,"minecraft:torch":9,"minecraft:spruce_stairs":1,"minecraft:spruce_fence":21,"minecraft:note_block":1,"minecraft:porkchop":2,"magistuarmory:rusted_heavymace":1,"minecraft:carrot":1,"tombstone:grave_dust":11,"born_in_chaos_v1:pieceofdarkmetal":5,"minecraft:redstone":8,"minecraft:iron_horse_armor":5,"mutantmonsters:mutant_skeleton_pelvis":1,"minecraft:dark_oak_planks":7,"minecraft:stone_sword":1,"evilcraft:box_of_eternal_closure":12,"minecraft:arrow":35,"minecraft:rotten_flesh":118,"minecraft:beetroot_seeds":20,"minecraft:hay_block":10,"mutantmonsters:mutant_skeleton_rib":6,"minecraft:saddle":10,"minecraft:gold_ingot":96,"evilcraft:condensed_blood":14,"mutantmonsters:mutant_skeleton_shoulder_pad":2,"minecraft:cobblestone":138,"minecraft:enchanting_table":2,"born_in_chaos_v1:corpse_maggot":9,"minecraft:magma_block":1,"minecraft:feather":9,"magistuarmory:rustedhalfarmor_chestplate":1,"minecraft:golden_carrot":10,"born_in_chaos_v1:monster_flesh":1,"minecraft:golden_leggings":1,"minecraft:potato":2,"minecraft:flint":1,"scalinghealth:bandages":4,"minecraft:chainmail_chestplate":25,"magistuarmory:chainmail_horse_armor":4,"minecraft:cobbled_deepslate_stairs":1,"minecraft:gunpowder":68,"scalinghealth:heart_crystal":9,"mutantmonsters:mutant_skeleton_limb":8,"minecraft:dirt":18,"minecraft:name_tag":9,"born_in_chaos_v1:monster_skin":1,"minecraft:bone":126,"minecraft:chipped_anvil":8,"minecraft:bow":2,"minecraft:iron_ingot":30,"minecraft:stone_pickaxe":1,"minecraft:cooked_chicken":3,"minecraft:cobweb":25,"scalinghealth:power_crystal_shard":5,"tombstone:bag_of_seeds":6,"minecraft:bamboo":6,"tombstone:scroll_of_frost_resistance":1,"minecraft:iron_sword":1,"minecraft:book":79,"scalinghealth:heart_crystal_shard":31,"minecraft:cooked_porkchop":2,"minecraft:pumpkin":39,"minecraft:music_disc_13":6,"magistuarmory:rustedchainmail_chestplate":1,"born_in_chaos_v1:ethereal_spirit":1,"minecraft:spruce_sapling":1,"minecraft:white_bed":1,"minecraft:spruce_log":41,"magistuarmory:rustedchainmail_leggings":1,"minecraft:spider_eye":12,"minecraft:mossy_cobblestone":15,"minecraft:dark_prismarine":1,"magistuarmory:rustedchainmail_helmet":1,"minecraft:pumpkin_seeds":28,"minecraft:diamond":6,"evilcraft:broom":2,"minecraft:chainmail_leggings":14,"minecraft:golden_apple":5,"minecraft:bread":116,"minecraft:golden_horse_armor":2,"minecraft:chainmail_helmet":18,"alexsmobs:maggot":1,"minecraft:melon_seeds":7,"tombstone:magic_scroll":2,"minecraft:netherrack":15,"minecraft:dark_oak_wood":5,"minecraft:coal":115,"minecraft:sunflower":1},"minecraft:killed_by":{"born_in_chaos_v1:restless_spirit":1,"minecraft:wither_skeleton":5,"minecraft:spider":1,"minecraft:enderman":1,"minecraft:cave_spider":5,"minecraft:skeleton":1}},"DataVersion":3120}