{"stats":{"minecraft:mined":{"minecraft:dark_oak_planks":1,"minecraft:dark_prismarine":1,"minecraft:spruce_planks":9,"minecraft:white_bed":1,"minecraft:mossy_cobblestone":1,"minecraft:cobbled_deepslate_stairs":1,"minecraft:grass_block":2,"minecraft:spruce_fence":5,"minecraft:coal_block":44,"minecraft:spruce_leaves":12,"minecraft:spawner":2,"minecraft:large_fern":1,"minecraft:hay_block":5,"minecraft:magma_block":1,"minecraft:furnace":12,"minecraft:iron_ore":49,"minecraft:pumpkin":14,"biomesoplenty:hanging_cobweb":6,"minecraft:bookshelf":24,"biomesoplenty:webbing":13,"biomesoplenty:spider_egg":1,"minecraft:stone":88,"minecraft:redstone_wall_torch":1,"minecraft:podzol":1,"biomesoplenty:hanging_cobweb_strand":12,"minecraft:crafting_table":2,"minecraft:note_block":1,"minecraft:dark_oak_wood":1,"minecraft:melon":10,"minecraft:chest":15,"minecraft:stone_slab":2,"minecraft:cobblestone":38,"biomesoplenty:sprout":2,"minecraft:wall_torch":1,"minecraft:spruce_stairs":1,"minecraft:spruce_log":42,"minecraft:jukebox":1,"minecraft:grass":3,"minecraft:coal_ore":83,"minecraft:dirt":9,"minecraft:gravel":1,"minecraft:sunflower":1,"minecraft:cyan_carpet":24,"minecraft:smooth_quartz":12,"biomesoplenty:stringy_cobweb":2,"minecraft:cobweb":8,"minecraft:netherrack":20,"minecraft:chipped_anvil":5,"minecraft:piston":32,"minecraft:fern":3},"minecraft:crafted":{"minecraft:cobblestone_slab":18,"minecraft:cooked_chicken":3,"minecraft:furnace":3,"minecraft:flint_and_steel":1,"travelersbackpack:white_sleeping_bag":1,"minecraft:iron_boots":1,"minecraft:iron_axe":1,"born_in_chaos_v1:fried_maggot":6,"minecraft:stone_pickaxe":1,"minecraft:chest":3,"minecraft:cooked_beef":1,"minecraft:cooked_porkchop":2,"minecraft:crafting_table":4,"minecraft:spruce_planks":164,"minecraft:wooden_pickaxe":1,"minecraft:iron_helmet":1,"minecraft:bucket":1,"minecraft:stone_axe":1,"minecraft:air":0,"minecraft:white_wool":6,"minecraft:iron_chestplate":1,"minecraft:shield":1,"minecraft:stick":66,"minecraft:iron_ingot":35,"minecraft:iron_pickaxe":2,"minecraft:stone_sword":1,"minecraft:iron_leggings":1,"minecraft:white_bed":1,"minecraft:torch":236},"minecraft:killed":{"minecraft:cave_spider":4,"alexsmobs:raccoon":3,"minecraft:spider":3,"naturalist:robin":1,"born_in_chaos_v1:maggot":2,"minecraft:skeleton":9,"minecraft:chicken":3,"born_in_chaos_v1:fallen_chaos_knight":1,"minecraft:pig":2,"born_in_chaos_v1:decrepit_skeleton":2,"minecraft:zombie":4,"born_in_chaos_v1:dread_hound":1,"born_in_chaos_v1:corpse_fly":6,"naturalist:canary":2,"minecraft:cow":1},"minecraft:custom":{"minecraft:mob_kills":44,"minecraft:interact_with_crafting_table":26,"minecraft:damage_dealt_resisted":940,"minecraft:leave_game":5,"minecraft:time_since_death":28758,"minecraft:climb_one_cm":4125,"minecraft:sprint_one_cm":294287,"minecraft:walk_one_cm":214543,"minecraft:damage_blocked_by_shield":1301,"minecraft:drop":4,"minecraft:play_noteblock":1,"minecraft:play_time":172962,"minecraft:deaths":8,"minecraft:sneak_time":4005,"minecraft:walk_under_water_one_cm":15708,"minecraft:jump":1634,"minecraft:walk_on_water_one_cm":10941,"minecraft:total_world_time":172962,"minecraft:interact_with_furnace":46,"minecraft:sleep_in_bed":3,"minecraft:time_since_rest":28618,"minecraft:damage_taken":4378,"minecraft:damage_dealt":8180,"minecraft:swim_one_cm":3403,"minecraft:fly_one_cm":286030,"minecraft:open_chest":157,"minecraft:crouch_one_cm":10598,"tombstone:undead_killed":16,"minecraft:fall_one_cm":47173},"minecraft:used":{"minecraft:stone_sword":75,"minecraft:chest":10,"minecraft:spruce_planks":10,"minecraft:shield":24,"minecraft:iron_sword":101,"born_in_chaos_v1:fried_maggot":6,"minecraft:rotten_flesh":4,"minecraft:iron_chestplate":1,"minecraft:torch":144,"minecraft:dirt":3,"scalinghealth:heart_crystal":2,"alexsmobs:maggot":1,"minecraft:lava_bucket":2,"minecraft:iron_axe":93,"minecraft:iron_helmet":1,"minecraft:iron_boots":1,"minecraft:smooth_quartz":2,"minecraft:furnace":5,"tombstone:gift":4,"minecraft:cooked_beef":1,"minecraft:iron_leggings":2,"minecraft:water_bucket":10,"minecraft:stone_pickaxe":141,"minecraft:wooden_pickaxe":59,"minecraft:cobblestone_slab":18,"minecraft:mossy_cobblestone":1,"minecraft:crafting_table":6,"minecraft:white_bed":1,"minecraft:cobbled_deepslate_stairs":1,"tombstone:bag_of_seeds":4,"minecraft:dark_prismarine":1,"biomesoplenty:hanging_cobweb":2,"minecraft:bread":3,"minecraft:iron_pickaxe":216,"minecraft:cyan_carpet":8,"travelersbackpack:white_sleeping_bag":1,"tombstone:grave_key":2,"minecraft:stone_axe":67,"minecraft:cobblestone":61,"minecraft:bucket":12,"alexsmobs:animal_dictionary":1},"minecraft:dropped":{"minecraft:smooth_quartz":2,"minecraft:stone_sword":1,"minecraft:stone_slab":2,"minecraft:stone_pickaxe":1},"minecraft:broken":{"minecraft:wooden_pickaxe":1,"minecraft:stone_pickaxe":1},"minecraft:picked_up":{"minecraft:crafting_table":2,"minecraft:wheat":8,"minecraft:chainmail_boots":4,"minecraft:chicken":3,"minecraft:stone_slab":4,"magistuarmory:barding":1,"minecraft:music_disc_cat":2,"minecraft:string":31,"minecraft:cyan_carpet":44,"minecraft:beetroot":7,"minecraft:bucket":3,"minecraft:spruce_planks":17,"minecraft:beef":1,"minecraft:music_disc_otherside":1,"minecraft:redstone_torch":7,"minecraft:smooth_quartz":14,"alexsmobs:raccoon_tail":1,"minecraft:melon_slice":46,"minecraft:coal_block":44,"minecraft:chest":15,"minecraft:furnace":14,"minecraft:piston":32,"biomesoplenty:hanging_cobweb":23,"minecraft:stick":6,"minecraft:raw_iron":49,"born_in_chaos_v1:shattered_skull":1,"minecraft:jukebox":1,"evilcraft:origins_of_darkness":1,"minecraft:torch":2,"minecraft:spruce_stairs":1,"minecraft:spruce_fence":6,"minecraft:note_block":1,"minecraft:porkchop":2,"magistuarmory:rusted_heavymace":1,"born_in_chaos_v1:pieceofdarkmetal":5,"minecraft:redstone":1,"minecraft:iron_horse_armor":3,"minecraft:dark_oak_planks":1,"minecraft:stone_sword":1,"evilcraft:box_of_eternal_closure":1,"minecraft:arrow":8,"minecraft:rotten_flesh":45,"minecraft:beetroot_seeds":13,"minecraft:hay_block":5,"minecraft:saddle":5,"minecraft:gold_ingot":24,"evilcraft:condensed_blood":14,"minecraft:cobblestone":137,"born_in_chaos_v1:corpse_maggot":6,"minecraft:magma_block":1,"minecraft:feather":8,"magistuarmory:rustedhalfarmor_chestplate":1,"born_in_chaos_v1:monster_flesh":1,"minecraft:flint":1,"minecraft:chainmail_chestplate":11,"magistuarmory:chainmail_horse_armor":1,"minecraft:cobbled_deepslate_stairs":1,"minecraft:gunpowder":25,"scalinghealth:heart_crystal":2,"minecraft:dirt":13,"minecraft:name_tag":6,"born_in_chaos_v1:monster_skin":1,"minecraft:bone":23,"minecraft:chipped_anvil":5,"minecraft:iron_ingot":14,"minecraft:stone_pickaxe":1,"minecraft:cobweb":1,"tombstone:bag_of_seeds":2,"minecraft:bamboo":5,"minecraft:book":72,"scalinghealth:heart_crystal_shard":8,"minecraft:pumpkin":12,"minecraft:music_disc_13":1,"minecraft:spruce_sapling":1,"minecraft:white_bed":1,"minecraft:spruce_log":41,"minecraft:spider_eye":1,"minecraft:mossy_cobblestone":15,"minecraft:dark_prismarine":1,"magistuarmory:rustedchainmail_helmet":1,"minecraft:pumpkin_seeds":8,"minecraft:diamond":3,"minecraft:chainmail_leggings":3,"minecraft:bread":23,"minecraft:golden_horse_armor":1,"minecraft:chainmail_helmet":6,"alexsmobs:maggot":1,"minecraft:melon_seeds":7,"tombstone:magic_scroll":1,"minecraft:netherrack":15,"minecraft:dark_oak_wood":1,"minecraft:coal":95,"minecraft:sunflower":1},"minecraft:killed_by":{"born_in_chaos_v1:restless_spirit":1,"minecraft:wither_skeleton":2,"minecraft:cave_spider":3,"minecraft:skeleton":1}},"DataVersion":3120}