{"stats":{"minecraft:crafted":{"minecraft:stone_axe":1,"minecraft:crafting_table":1,"minecraft:spruce_planks":44,"minecraft:stick":8,"minecraft:wooden_pickaxe":1},"minecraft:used":{"minecraft:stone_axe":30,"minecraft:crafting_table":1,"minecraft:spruce_wood":1,"minecraft:wooden_pickaxe":10},"minecraft:mined":{"minecraft:dark_oak_planks":1,"minecraft:dark_prismarine":2,"minecraft:spruce_planks":25,"minecraft:smooth_quartz":2,"minecraft:spruce_wood":12,"minecraft:stone":6,"minecraft:white_wool":1},"minecraft:picked_up":{"minecraft:dark_prismarine":1,"minecraft:spruce_planks":24,"minecraft:spruce_wood":12,"minecraft:smooth_quartz":2,"minecraft:cobblestone":5,"minecraft:dark_oak_planks":1},"minecraft:custom":{"minecraft:time_since_rest":5277,"minecraft:crouch_one_cm":1603,"minecraft:play_time":5277,"minecraft:sprint_one_cm":1579,"minecraft:walk_one_cm":7324,"minecraft:sneak_time":878,"minecraft:jump":10,"minecraft:time_since_death":5277,"minecraft:total_world_time":5277,"minecraft:interact_with_crafting_table":4,"minecraft:fall_one_cm":269,"minecraft:fly_one_cm":56}},"DataVersion":3120}