{"stats":{"minecraft:crafted":{"minecraft:diamond_sword":1,"minecraft:diamond_axe":1,"minecraft:crafting_table":1,"minecraft:spruce_planks":44,"travelersbackpack:backpack_tank":2,"minecraft:wooden_pickaxe":1,"travelersbackpack:standard":1,"minecraft:furnace":1,"travelersbackpack:diamond":1,"minecraft:stone_axe":1,"minecraft:air":0,"travelersbackpack:cyan_sleeping_bag":1,"minecraft:glass":12,"minecraft:diamond":54,"minecraft:diamond_helmet":1,"minecraft:white_wool":1,"minecraft:diamond_pickaxe":1,"minecraft:shield":1,"minecraft:stick":12,"minecraft:stone_pickaxe":1,"minecraft:chest":1,"minecraft:gold_ingot":9,"minecraft:dark_oak_planks":16},"minecraft:used":{"minecraft:stone_pickaxe":20,"minecraft:wooden_pickaxe":10,"minecraft:shield":7,"travelersbackpack:diamond":1,"minecraft:redstone_block":5,"minecraft:diamond_axe":55,"minecraft:crafting_table":5,"minecraft:spruce_stairs":1,"minecraft:diamond_helmet":1,"minecraft:diamond_pickaxe":62,"minecraft:spruce_wood":1,"minecraft:string":1,"tombstone:grave_key":5,"minecraft:stone_axe":41,"minecraft:diamond_sword":32,"minecraft:cobblestone":1,"minecraft:furnace":1,"minecraft:cooked_porkchop":3,"tombstone:gift":2,"travelersbackpack:cyan_sleeping_bag":1,"minecraft:cobweb":4},"minecraft:killed_by":{"minecraft:cave_spider":2,"graveyard:ghoul":1},"minecraft:mined":{"minecraft:dark_oak_planks":6,"minecraft:dark_prismarine":13,"minecraft:spruce_planks":35,"minecraft:redstone_block":10,"minecraft:mossy_cobblestone":1,"minecraft:polished_deepslate_stairs":1,"minecraft:crafting_table":4,"minecraft:spruce_fence":1,"minecraft:rose_bush":1,"minecraft:cobblestone":4,"minecraft:spawner":5,"minecraft:spruce_stairs":2,"minecraft:cyan_wool":8,"travelersbackpack:cyan_sleeping_bag":1,"minecraft:iron_ore":8,"minecraft:coal_ore":1,"evilcraft:blood_stain":1,"minecraft:sand":13,"minecraft:deepslate_brick_stairs":1,"minecraft:smooth_quartz":6,"minecraft:cobweb":3,"minecraft:spruce_wood":41,"minecraft:stone_bricks":7,"minecraft:stone":28,"minecraft:white_wool":1,"minecraft:tripwire":1,"minecraft:redstone_lamp":5},"minecraft:killed":{"minecraft:cave_spider":2,"alexsmobs:grizzly_bear":1,"born_in_chaos_v1:zombie_lumberjack":2,"naturalist:bluejay":1,"born_in_chaos_v1:siamese_skeletonsright":1,"born_in_chaos_v1:maggot":2,"minecraft:skeleton":3,"alexsmobs:bison":1,"born_in_chaos_v1:siamese_skeletonsleft":1},"minecraft:picked_up":{"born_in_chaos_v1:fused_bone":2,"travelersbackpack:cyan_sleeping_bag":1,"minecraft:crafting_table":4,"minecraft:redstone_block":10,"minecraft:redstone_lamp":5,"minecraft:diamond_sword":1,"alexsmobs:bear_fur":2,"minecraft:string":7,"minecraft:bone":2,"minecraft:spruce_planks":35,"minecraft:spruce_wood":41,"minecraft:beef":7,"minecraft:iron_ingot":1,"minecraft:cyan_wool":8,"minecraft:smooth_quartz":6,"minecraft:raw_iron":8,"minecraft:polished_deepslate_stairs":1,"minecraft:spruce_stairs":1,"minecraft:spruce_fence":1,"minecraft:sand":13,"tombstone:grave_dust":2,"minecraft:dark_oak_log":4,"minecraft:spider_eye":1,"minecraft:dark_prismarine":11,"minecraft:dark_oak_planks":4,"minecraft:arrow":3,"minecraft:rotten_flesh":4,"minecraft:coal":1,"minecraft:cobblestone":32},"minecraft:dropped":{"minecraft:stick":1,"minecraft:diamond_sword":1,"minecraft:spider_eye":1,"minecraft:arrow":2},"minecraft:custom":{"minecraft:interact_with_furnace":7,"minecraft:mob_kills":14,"minecraft:interact_with_crafting_table":23,"minecraft:open_barrel":1,"minecraft:leave_game":1,"minecraft:time_since_death":23733,"minecraft:sleep_in_bed":1,"minecraft:climb_one_cm":1824,"minecraft:time_since_rest":4722,"minecraft:sprint_one_cm":135123,"minecraft:damage_taken":1660,"minecraft:walk_one_cm":106312,"minecraft:damage_blocked_by_shield":252,"minecraft:drop":4,"minecraft:damage_dealt":2152,"minecraft:fly_one_cm":37336,"minecraft:open_chest":22,"minecraft:crouch_one_cm":5151,"minecraft:play_time":41174,"minecraft:sneak_time":2892,"tombstone:undead_killed":7,"minecraft:deaths":3,"minecraft:walk_under_water_one_cm":250,"minecraft:jump":271,"minecraft:walk_on_water_one_cm":274,"minecraft:total_world_time":41174,"minecraft:fall_one_cm":8943}},"DataVersion":3120}