{"stats":{"minecraft:crafted":{"minecraft:diamond_sword":1,"minecraft:diamond_axe":1,"minecraft:crafting_table":1,"minecraft:spruce_planks":44,"minecraft:wooden_pickaxe":1,"minecraft:stone_axe":1,"minecraft:diamond":54,"minecraft:diamond_helmet":1,"minecraft:diamond_pickaxe":1,"minecraft:shield":1,"minecraft:stick":12,"minecraft:stone_pickaxe":1},"minecraft:used":{"minecraft:stone_pickaxe":20,"minecraft:wooden_pickaxe":10,"minecraft:shield":7,"minecraft:redstone_block":5,"minecraft:diamond_axe":55,"minecraft:crafting_table":3,"minecraft:diamond_helmet":1,"minecraft:diamond_pickaxe":42,"minecraft:spruce_wood":1,"minecraft:string":1,"tombstone:grave_key":5,"minecraft:stone_axe":41,"minecraft:diamond_sword":18,"minecraft:cooked_porkchop":3,"tombstone:gift":2,"minecraft:cobweb":2},"minecraft:killed_by":{"minecraft:cave_spider":2,"graveyard:ghoul":1},"minecraft:mined":{"minecraft:dark_oak_planks":6,"minecraft:dark_prismarine":13,"minecraft:spruce_planks":35,"minecraft:redstone_block":10,"minecraft:polished_deepslate_stairs":1,"minecraft:crafting_table":4,"minecraft:spruce_fence":1,"minecraft:cobblestone":2,"minecraft:spawner":5,"minecraft:spruce_stairs":2,"minecraft:cyan_wool":8,"minecraft:iron_ore":2,"evilcraft:blood_stain":1,"minecraft:deepslate_brick_stairs":1,"minecraft:smooth_quartz":6,"minecraft:cobweb":2,"minecraft:spruce_wood":41,"minecraft:stone_bricks":7,"minecraft:stone":19,"minecraft:white_wool":1,"minecraft:tripwire":1,"minecraft:redstone_lamp":5},"minecraft:killed":{"minecraft:cave_spider":2,"born_in_chaos_v1:zombie_lumberjack":2,"born_in_chaos_v1:siamese_skeletonsright":1,"born_in_chaos_v1:maggot":2,"minecraft:skeleton":3,"born_in_chaos_v1:siamese_skeletonsleft":1},"minecraft:picked_up":{"born_in_chaos_v1:fused_bone":2,"minecraft:crafting_table":4,"minecraft:redstone_block":10,"minecraft:redstone_lamp":5,"minecraft:diamond_sword":1,"minecraft:string":6,"minecraft:bone":2,"minecraft:spruce_planks":35,"minecraft:spruce_wood":41,"minecraft:iron_ingot":1,"minecraft:cyan_wool":8,"minecraft:smooth_quartz":6,"minecraft:raw_iron":2,"minecraft:polished_deepslate_stairs":1,"minecraft:spruce_stairs":1,"minecraft:spruce_fence":1,"tombstone:grave_dust":2,"minecraft:dark_oak_log":4,"minecraft:spider_eye":1,"minecraft:dark_prismarine":11,"minecraft:dark_oak_planks":4,"minecraft:arrow":3,"minecraft:rotten_flesh":4,"minecraft:cobblestone":23},"minecraft:dropped":{"minecraft:stick":1,"minecraft:diamond_sword":1},"minecraft:custom":{"minecraft:interact_with_furnace":2,"minecraft:mob_kills":11,"minecraft:interact_with_crafting_table":16,"minecraft:open_barrel":1,"minecraft:time_since_death":11836,"minecraft:climb_one_cm":1824,"minecraft:time_since_rest":11318,"minecraft:sprint_one_cm":97298,"minecraft:damage_taken":1553,"minecraft:walk_one_cm":78117,"minecraft:damage_blocked_by_shield":252,"minecraft:drop":2,"minecraft:damage_dealt":1114,"minecraft:fly_one_cm":15668,"minecraft:open_chest":22,"minecraft:crouch_one_cm":5151,"minecraft:play_time":29277,"minecraft:sneak_time":2892,"tombstone:undead_killed":7,"minecraft:deaths":3,"minecraft:jump":144,"minecraft:total_world_time":29277,"minecraft:fall_one_cm":6410}},"DataVersion":3120}