{"stats":{"minecraft:crafted":{"minecraft:diamond_sword":1,"minecraft:diamond_helmet":1,"minecraft:diamond_pickaxe":1,"minecraft:shield":1,"minecraft:diamond_axe":1,"minecraft:crafting_table":1,"minecraft:spruce_planks":44,"minecraft:stick":12,"minecraft:wooden_pickaxe":1,"minecraft:stone_pickaxe":1,"minecraft:stone_axe":1},"minecraft:used":{"minecraft:diamond_pickaxe":1,"minecraft:spruce_wood":1,"minecraft:stone_pickaxe":20,"minecraft:shield":6,"minecraft:wooden_pickaxe":10,"minecraft:redstone_block":5,"tombstone:grave_key":4,"minecraft:diamond_axe":1,"minecraft:stone_axe":41,"minecraft:diamond_sword":4,"minecraft:crafting_table":2,"minecraft:diamond_helmet":1,"tombstone:gift":2},"minecraft:killed_by":{"minecraft:cave_spider":2},"minecraft:mined":{"minecraft:dark_oak_planks":1,"minecraft:dark_prismarine":2,"minecraft:spruce_planks":27,"minecraft:redstone_block":10,"minecraft:crafting_table":2,"minecraft:spruce_fence":1,"evilcraft:blood_stain":1,"minecraft:smooth_quartz":2,"minecraft:spruce_wood":12,"minecraft:stone":6,"minecraft:white_wool":1,"minecraft:redstone_lamp":5,"minecraft:spawner":5},"minecraft:killed":{"minecraft:skeleton":1,"minecraft:cave_spider":2,"born_in_chaos_v1:siamese_skeletonsright":1,"born_in_chaos_v1:siamese_skeletonsleft":1},"minecraft:picked_up":{"born_in_chaos_v1:fused_bone":2,"minecraft:crafting_table":2,"minecraft:redstone_block":10,"minecraft:redstone_lamp":5,"minecraft:spruce_fence":1,"tombstone:grave_dust":2,"minecraft:spider_eye":1,"minecraft:string":3,"minecraft:dark_oak_planks":1,"minecraft:dark_prismarine":1,"minecraft:arrow":1,"minecraft:bone":2,"minecraft:spruce_planks":27,"minecraft:spruce_wood":12,"minecraft:smooth_quartz":2,"minecraft:cobblestone":6},"minecraft:custom":{"minecraft:time_since_rest":6788,"minecraft:sprint_one_cm":38386,"minecraft:walk_one_cm":36769,"minecraft:damage_taken":1339,"minecraft:damage_blocked_by_shield":132,"minecraft:mob_kills":6,"minecraft:damage_dealt":482,"minecraft:interact_with_crafting_table":12,"minecraft:fly_one_cm":5289,"minecraft:open_chest":18,"minecraft:crouch_one_cm":1960,"minecraft:play_time":17277,"tombstone:undead_killed":3,"minecraft:deaths":2,"minecraft:sneak_time":1286,"minecraft:jump":55,"minecraft:time_since_death":7370,"minecraft:climb_one_cm":802,"minecraft:total_world_time":17277,"minecraft:fall_one_cm":1518}},"DataVersion":3120}